{"name":"t:sections.footer.name","type":"footer","sections":{"footer_v2_fFRhqh":{"type":"footer-v2","name":"Custom Footer","settings":{"contact_heading":"Contact Us","contact_menu":"footer","social_heading":"Follow Us","newsletter_heading":"Subscribe","newsletter_text":"Claim your exclusive discount code when you subscribe to our emails...","email_placeholder":"Enter your email...","subscribe_text":"Subscribe","show_payment_icons":true}},"footer":{"type":"footer","blocks":{"3408e200-d33a-433c-bdd0-1d9c73fff07e":{"type":"link_list","settings":{"heading":"Catalogue","menu":"","alignment":"left","list_style":"vertical","column_width":20}},"8c88a831-9d3f-4039-9e74-6f7b20caa8ff":{"type":"link_list","settings":{"heading":"Contact","menu":"","alignment":"","list_style":"vertical","column_width":20}},"c74e60da-4417-4dfc-a562-f773ffc44358":{"type":"link_list","disabled":true,"settings":{"heading":"Services","menu":"footer","alignment":"","list_style":"vertical","column_width":20}},"social_icons_AaWkPe":{"type":"social_icons","settings":{"heading":"@bocanegrawatches","alignment":"left","column_width":40}}},"block_order":["3408e200-d33a-433c-bdd0-1d9c73fff07e","8c88a831-9d3f-4039-9e74-6f7b20caa8ff","c74e60da-4417-4dfc-a562-f773ffc44358","social_icons_AaWkPe"],"disabled":true,"settings":{"page_full_width":false,"page_full_width_spacing":false,"color_scheme":"background-1","copyright_content":"","payment_enable":true,"enable_country_selector":true,"enable_language_selector":true,"subtext":"","alignment":"left","column_width":100,"enable_follow_on_shop":false,"show_content":false,"margin_top":0,"padding_top":52,"padding_bottom":0}}},"order":["footer_v2_fFRhqh","footer"]}