{"name":"t:sections.header.name","type":"header","sections":{"announcement-bar":{"type":"announcement-bar","blocks":{"announcement-bar-0":{"type":"announcement","disabled":true,"settings":{"text":"Free Shipping for Members","link":"shopify:\/\/collections"}},"26a5b632-ccfe-4348-b599-1e87c2b86bce":{"type":"announcement","disabled":true,"settings":{"text":"40% OFF Store Wide Use Code : VOGUE","link":"shopify:\/\/collections"}},"6785f306-a6b1-4f8d-abdc-7f21d70a632f":{"type":"announcement","disabled":true,"settings":{"text":"One Day Delivery Available in US","link":"shopify:\/\/collections"}},"60e081a5-83d5-43bb-a24c-0951d54b6109":{"type":"announcement","disabled":true,"settings":{"text":"Welcome To Our Store","link":"shopify:\/\/collections"}}},"block_order":["announcement-bar-0","26a5b632-ccfe-4348-b599-1e87c2b86bce","6785f306-a6b1-4f8d-abdc-7f21d70a632f","60e081a5-83d5-43bb-a24c-0951d54b6109"],"disabled":true,"settings":{"page_full_width":false,"page_full_width_spacing":false,"color_scheme":"inverse","show_social":true,"enable_country_selector":true,"enable_language_selector":true,"disable_announcement_bar":false,"disable_announcement_bar_mobile":false}},"header":{"type":"header","blocks":{"b1e5c50f-443b-490f-acea-8a73240d0f63":{"type":"promo_image","disabled":true,"settings":{"mega_1":"","mega_columns":"four-column","title_1":"","button_1":"","link_1":"shopify:\/\/collections","title_2":"","button_2":"","link_2":"shopify:\/\/collections","title_3":"","button_3":"","link_3":"shopify:\/\/collections","title_4":"","button_4":"","link_4":""}},"f2b381a1-a203-4d2d-be59-58d442ba7a5d":{"type":"product","settings":{"mega_1":"Best Sellers","mega_columns":"five-column","product1":"denim-vogue-plus","product2":"ethnic-embroidered-tunic","product3":"sapphire-serenade-dress","product4":"blossom"}}},"block_order":["b1e5c50f-443b-490f-acea-8a73240d0f63","f2b381a1-a203-4d2d-be59-58d442ba7a5d"],"settings":{"page_full_width":false,"page_full_width_spacing":false,"logo":"shopify:\/\/shop_images\/Logo_2_c44aad4d-8f40-4b94-bc7a-d948dbf3c261.png","logo_width":120,"logo_position":"middle-left","menu":"main-menu","menu_alignment":"center","mobile_screen_width":"1000","enable_sticky_header":false,"text_color":"#ffffff","text_hover":"#ffffff","header_background":"#000000","enable_transparent_header":false,"transparent_text_color":"#ffffff","show_search":true,"show_account":true,"show_header_cart":true,"header_icon_type":"icon","margin_bottom":0}}},"order":["announcement-bar","header"]}