{"current":{"colors_accent_1":"#000000","colors_background_1":"#ffffff","gradient_background_1":"","colors_accent_2":"#000000","colors_background_2":"#ffffff","gradient_background_2":"","colors_accent_3":"#fff","colors_background_3":"#000000","colors_accent_4":"#ffffff","colors_background_4":"#000000","colors_accent_5":"#ffffff","colors_background_5":"#000000","colors_solid_button":"#212121","colors_solid_button_text":"#222121","colors_outline_button":"#222121","colors_outline_button_text":"#ffffff","sub_heading_color":"#222121","overlay_color":"#eaf1e5","text_color":"#797067","link_color":"#222121","border_color":"#000000","boxshadow_color":"rgba(0,0,0,0)","product_bg_color":"#ffffff","preloader_enable":false,"type_header_font":"almarai_n4","h1_heading":40,"h2_heading":56,"h3_heading":30,"h4_heading":28,"h5_heading":24,"h6_heading":16,"heading_lsp":0,"heading_lineheight":1.4,"heading_weight":"medium","heading_style":"capitalize","type_body_font":"almarai_n4","body_font-size":20,"body_lineheight":2,"display_color_variant":true,"display_item_size":true,"enable_timer":true,"timer_heading":"Deal end soon","enable_quickadd":true,"enable_scroll_to_top":false,"offer_price_enable":true,"show_icon":false,"show_button_animation":true,"page_width":1200,"page_full_width_spacing":2,"spacing_sections":0,"body_padding":0,"spacing_grid_horizontal":8,"spacing_grid_vertical":8,"sidebar_width":400,"button_font":"headingfont","button_style":"capitalize","buttons_height":50,"buttons_border_thickness":1,"buttons_border_opacity":100,"buttons_radius":0,"buttons_shadow_opacity":0,"buttons_shadow_horizontal_offset":0,"buttons_shadow_vertical_offset":4,"buttons_shadow_blur":5,"inputs_border_height":60,"inputs_border_thickness":1,"inputs_border_opacity":55,"inputs_radius":0,"inputs_shadow_opacity":0,"inputs_shadow_horizontal_offset":0,"inputs_shadow_vertical_offset":4,"inputs_shadow_blur":5,"variant_pills_border_thickness":1,"variant_pills_border_opacity":55,"variant_pills_radius":40,"variant_pills_shadow_opacity":0,"variant_pills_shadow_horizontal_offset":0,"variant_pills_shadow_vertical_offset":4,"variant_pills_shadow_blur":5,"card_image_padding":0,"card_text_alignment":"left","card_color_scheme":"background-2","card_border_thickness":0,"card_border_opacity":10,"card_corner_radius":0,"card_shadow_opacity":0,"card_shadow_horizontal_offset":0,"card_shadow_vertical_offset":4,"card_shadow_blur":5,"text_boxes_border_thickness":0,"text_boxes_border_opacity":10,"text_boxes_radius":0,"text_boxes_shadow_opacity":0,"text_boxes_shadow_horizontal_offset":0,"text_boxes_shadow_vertical_offset":4,"text_boxes_shadow_blur":5,"media_border_thickness":1,"media_border_opacity":5,"media_radius":0,"media_shadow_opacity":0,"media_shadow_horizontal_offset":0,"media_shadow_vertical_offset":4,"media_shadow_blur":5,"popup_border_thickness":1,"popup_border_opacity":10,"popup_corner_radius":0,"popup_shadow_opacity":0,"popup_shadow_horizontal_offset":0,"popup_shadow_vertical_offset":4,"popup_shadow_blur":5,"drawer_border_thickness":1,"drawer_border_opacity":10,"drawer_shadow_opacity":0,"drawer_shadow_horizontal_offset":0,"drawer_shadow_vertical_offset":4,"drawer_shadow_blur":5,"sale_badge_color_scheme":"accent-2","sold_out_badge_color_scheme":"inverse","accent_icons":"text","social_twitter_link":"#","social_facebook_link":"#","social_pinterest_link":"","social_instagram_link":"#","social_tumblr_link":"","social_snapchat_link":"","social_youtube_link":"","social_vimeo_link":"","predictive_search_show_vendor":false,"predictive_search_show_price":false,"search_tags":"featured, trendy, sale, new","search_collection":"ethinic","swiper_enable":true,"centered_slide":false,"swiper_pagination":true,"show_secondary_image":true,"show_new_tag":true,"favicon":"shopify:\/\/shop_images\/vogue_favicon-01.png","currency_code_enabled":true,"cart_type":"notification","show_vendor":true,"show_cart_note":true,"show_gift_wrap":true,"show_shipping_info":true,"show_discount_option":true,"goal":5000,"cart_drawer_collection":"frontpage","shipping_calculator":"Enabled","checkout_logo_image":"shopify:\/\/shop_images\/Vouge_Logo_bab5fc6f-44bf-4be3-ab54-74fea823fd93.svg","checkout_logo_position":"center","checkout_logo_size":"large","checkout_accent_color":"#000000","checkout_button_color":"#000000","colors_accent_6":"#222121","colors_background_6":"#ffffff","enable_compare":false,"enable_quickview":false,"animations_hover_elements":"vertical-lift","badge_position":"top-left","badge_corner_radius":0,"social_tiktok_link":"","predictive_search_enabled":true,"swiper_navigation":false,"show_rating":true,"card_style":"standard","colors_solid_button_labels":"{{ shop.brand.colors.primary[0].background }}","colors_text":"#000000","colors_outline_button_labels":"#ce8d4c","gradient_accent_1":"","gradient_accent_2":"","heading_scale":100,"body_scale":100,"type_additional_font":"twentieth_century_n4","enable_wishlist":true,"footer_type":"style2","custom_font_script_1":"@import url('https:\/\/fonts.googleapis.com\/css2?family=Jost:wght@400;500;600;700&display=swap');","custom_font_family_1":"'Jost', sans-serif;","custom_font_script_2":"@import url('https:\/\/fonts.googleapis.com\/css2?family=Jost:wght@400;500;600;700&display=swap');","custom_font_family_2":"'Jost', sans-serif;","custom_font_script_3":"","custom_font_family_3":"","use_breadcrumb_title":true,"breadcrumb_image":"shopify:\/\/shop_images\/bg-footer_1.jpg","breadcrumb_style":"center","image_overlay_opacity":36,"breadcrumb_padding_top":40,"breadcrumb_padding_bottom":40,"breadcrumb_margin_bottom":0,"enable_cart_icon":false,"enable_search":false,"enable_stock_status_bar":false,"sections":{"announcement-bar":{"type":"announcement-bar","blocks":{"announcement-bar-0":{"type":"announcement","settings":{"text":"Free Shipping Over $756 for Members","link":"shopify:\/\/collections"}},"26a5b632-ccfe-4348-b599-1e87c2b86bce":{"type":"announcement","settings":{"text":"40% OFF Store Wide Use Code : BOOM","link":"shopify:\/\/collections"}},"6785f306-a6b1-4f8d-abdc-7f21d70a632f":{"type":"announcement","settings":{"text":"One Day Delivery Available in US","link":"shopify:\/\/collections"}},"60e081a5-83d5-43bb-a24c-0951d54b6109":{"type":"announcement","settings":{"text":"Welcome to our store","link":"shopify:\/\/collections"}}},"block_order":["announcement-bar-0","26a5b632-ccfe-4348-b599-1e87c2b86bce","6785f306-a6b1-4f8d-abdc-7f21d70a632f","60e081a5-83d5-43bb-a24c-0951d54b6109"],"settings":{"page_full_width":false,"page_full_width_spacing":false,"color_scheme":"accent-2","show_social":true,"enable_country_selector":true,"enable_language_selector":true,"disable_announcement_bar":false,"disable_announcement_bar_mobile":false}},"header":{"type":"header","blocks":{"ff8b9d34-2271-4118-90d4-15327fdcdc42":{"type":"promo_banner","disabled":true,"settings":{"mega_1":"","mega_columns":"five-column","title_1":"","button_1":"","link_1":"","title_2":"","button_2":"","link_2":""}},"b1e5c50f-443b-490f-acea-8a73240d0f63":{"type":"promo_image","settings":{"mega_1":"Shop","mega_columns":"five-column","image_1":"shopify:\/\/shop_images\/MEga_Menu_1.jpg","title_1":"","button_1":"","link_1":"shopify:\/\/collections","image_2":"shopify:\/\/shop_images\/MEga_Menu_2.jpg","title_2":"","button_2":"","link_2":"shopify:\/\/collections","image_3":"shopify:\/\/shop_images\/MEga_Menu_3.jpg","title_3":"","button_3":"","link_3":"shopify:\/\/collections","title_4":"","button_4":"","link_4":""}}},"block_order":["ff8b9d34-2271-4118-90d4-15327fdcdc42","b1e5c50f-443b-490f-acea-8a73240d0f63"],"settings":{"page_full_width":false,"page_full_width_spacing":false,"logo":"shopify:\/\/shop_images\/Group_25670_1.svg","logo_width":110,"logo_position":"middle-left","menu":"main-menu","menu_alignment":"center","mobile_screen_width":"1200","enable_sticky_header":false,"enable_transparent_header":true,"show_account":true,"show_header_cart":true,"header_icon_type":"icon","margin_bottom":0}},"footer":{"type":"footer","blocks":{"3408e200-d33a-433c-bdd0-1d9c73fff07e":{"type":"link_list","settings":{"heading":"Information","menu":"footer","alignment":"left","list_style":"vertical","column_width":20}},"8c88a831-9d3f-4039-9e74-6f7b20caa8ff":{"type":"link_list","settings":{"heading":"Categories","menu":"footer","alignment":"","list_style":"vertical","column_width":20}},"c74e60da-4417-4dfc-a562-f773ffc44358":{"type":"link_list","settings":{"heading":"Services","menu":"footer","alignment":"","list_style":"vertical","column_width":20}},"d4d45014-efa7-4dc9-9c72-1a2fbd64b88f":{"type":"newsletter","settings":{"heading":"Subscribe to our emails","newsletter_subtext":"<p>Share contact information, store details, and brand content with your customers.<\/p>","alignment":"left","button_style":"button","column_width":25}}},"block_order":["3408e200-d33a-433c-bdd0-1d9c73fff07e","8c88a831-9d3f-4039-9e74-6f7b20caa8ff","c74e60da-4417-4dfc-a562-f773ffc44358","d4d45014-efa7-4dc9-9c72-1a2fbd64b88f"],"settings":{"page_full_width":false,"page_full_width_spacing":false,"color_scheme":"inverse","copyright_content":"","payment_enable":true,"enable_country_selector":true,"enable_language_selector":true,"image":"shopify:\/\/shop_images\/Mask_group.svg","subtext":"<p>* These statements have not been evaluated by the Food and Drug Administration. This product is not intended to diagnose, treat, cure or prevent any disease.<\/p>","alignment":"left","column_width":100,"enable_follow_on_shop":true,"show_content":true,"margin_top":100,"padding_top":128,"padding_bottom":60}},"main-password-header":{"type":"main-password-header","settings":{"logo_max_width":110,"color_scheme":"background-1"}},"main-password-footer":{"type":"main-password-footer","settings":{"color_scheme":"background-1"}},"cookie-banner":{"type":"cookie-banner","settings":{"show_gdpr":false,"style":"right","color_scheme":"inverse","text":"Please click Accept Cookies to continue to use the site.","accept":"Accept","decline":"Decline","button_padding":"10px 20px 10px 20px"}},"newsletter-modal":{"type":"newsletter-modal","blocks":{"ad2319a5-3b0a-4abe-8f83-a627ca9b3c2c":{"type":"heading","settings":{"heading":"Always First."}},"03297923-22c8-4e4e-bcf4-b26fb6693c69":{"type":"paragraph","settings":{"paragraph":"<p>Nulla tincidunt convallis bibendum. Duis sed risus cipit justo Integer neque felis, egestas a euismod in pulvinar.<\/p>"}},"8b169acd-6538-4ffb-8180-993928abf105":{"type":"email_form","settings":{"close_button_text":"No Thanks"}}},"block_order":["ad2319a5-3b0a-4abe-8f83-a627ca9b3c2c","03297923-22c8-4e4e-bcf4-b26fb6693c69","8b169acd-6538-4ffb-8180-993928abf105"],"settings":{"color_scheme":"background-1","enable_newsletter_modal":false,"cookie_expires":2,"cookie_modal_delay":"1000","color_scheme_image":"background-1","image_overlay_opacity":1}},"top-bar":{"type":"top-bar","blocks":{"e494f162-36b7-4ed8-abfc-fee6e13bd9a0":{"type":"announcement","settings":{"text":"Welcome to our store","link":""}},"57066741-17b7-4002-a51d-6c5a1c480ed7":{"type":"announcement","settings":{"text":"Welcome to our store","link":""}},"34772b35-9813-48a5-baa7-b8190480b3c9":{"type":"announcement","settings":{"text":"Welcome to our store","link":""}}},"block_order":["e494f162-36b7-4ed8-abfc-fee6e13bd9a0","57066741-17b7-4002-a51d-6c5a1c480ed7","34772b35-9813-48a5-baa7-b8190480b3c9"],"settings":{"disable_announcement_bar":true,"disable_announcement_bar_mobile":false,"announcement_color_scheme":"inverse","page_full_width":true,"page_full_width_spacing":true,"top_bar_color_scheme":"inverse","disable_topbar":true,"disable_topbar_mobile":true,"top_bar_alignment":"left","header_mail":"mail@somedomain.com","header_phone":"+91 987654321","text":"Free Shipping on Orders over $140","enable_text_icon":false,"link_text":"","link":"","show_social":true,"enable_country_selector":false,"enable_language_selector":false}},"newsletter":{"type":"newsletter","blocks":{"92d727b3-6c07-462f-935c-2eeb2958b895":{"type":"heading","settings":{"heading":"Subscribers For Exciting News And Exclusive Offers!","heading_size":"h2"}},"3e9c2297-d496-45a0-a7f3-75cefdaeb1c8":{"type":"paragraph","settings":{"text":"<p>join our company of subscribers and stay up-to-date with the latest industry insights, product release, and helpful tips.<\/p>","text_style":"body"}},"ddbf99b5-5cac-493a-ac61-a43820425b51":{"type":"email_form","settings":{}}},"block_order":["92d727b3-6c07-462f-935c-2eeb2958b895","3e9c2297-d496-45a0-a7f3-75cefdaeb1c8","ddbf99b5-5cac-493a-ac61-a43820425b51"],"settings":{"color_scheme":"background-1","newsletter_style":"style-2","full_width":true,"padding_top":0,"padding_bottom":0}}},"content_for_index":[],"blocks":{"17627155365306921321":{"type":"shopify:\/\/apps\/kickflip\/blocks\/kickflip-product-embed\/852f7399-e025-496f-91ce-94176f54ae8c","disabled":false,"settings":{"integration_type":"customize_button","customize_button_text":"Customize","modal_width":85,"modal_height":85,"corner_radius":0,"close_button_color":"#FFFFFF","customize_button_class":"","customizer_height":80,"customizer_horizontal_padding":0,"customizer_vertical_padding":0,"advanced_mode":false,"add_button_selector":"","customizer_only_selector":"","hide_selectors":"","cart_advanced_mode":false,"cart_main_container_selector":"","cart_other_container_selectors":""}},"855628211100114053":{"type":"shopify:\/\/apps\/klaviyo-email-marketing-sms\/blocks\/klaviyo-onsite-embed\/2632fe16-c075-4321-a88b-50b567f42507","disabled":false,"settings":{}}}},"presets":{"Default":{"colors_solid_button_labels":"#ffffff","colors_accent_1":"#121212","gradient_accent_1":"","colors_accent_2":"#334fb4","gradient_accent_2":"","colors_text":"#121212","colors_outline_button_labels":"#121212","colors_background_1":"#ffffff","gradient_background_1":"","colors_background_2":"#f3f3f3","gradient_background_2":"","type_header_font":"assistant_n4","heading_scale":100,"type_body_font":"assistant_n4","body_scale":100,"page_width":1200,"spacing_sections":0,"spacing_grid_horizontal":8,"spacing_grid_vertical":8,"buttons_border_thickness":1,"buttons_border_opacity":100,"buttons_radius":0,"buttons_shadow_opacity":0,"buttons_shadow_horizontal_offset":0,"buttons_shadow_vertical_offset":4,"buttons_shadow_blur":5,"variant_pills_border_thickness":1,"variant_pills_border_opacity":55,"variant_pills_radius":40,"variant_pills_shadow_opacity":0,"variant_pills_shadow_horizontal_offset":0,"variant_pills_shadow_vertical_offset":4,"variant_pills_shadow_blur":5,"inputs_border_thickness":1,"inputs_border_opacity":55,"inputs_radius":0,"inputs_shadow_opacity":0,"inputs_shadow_horizontal_offset":0,"inputs_shadow_vertical_offset":4,"inputs_shadow_blur":5,"card_style":"standard","card_image_padding":0,"card_text_alignment":"left","card_color_scheme":"background-2","card_border_thickness":0,"card_border_opacity":10,"card_corner_radius":0,"card_shadow_opacity":0,"card_shadow_horizontal_offset":0,"card_shadow_vertical_offset":4,"card_shadow_blur":5,"text_boxes_border_thickness":0,"text_boxes_border_opacity":10,"text_boxes_radius":0,"text_boxes_shadow_opacity":0,"text_boxes_shadow_horizontal_offset":0,"text_boxes_shadow_vertical_offset":4,"text_boxes_shadow_blur":5,"media_border_thickness":1,"media_border_opacity":5,"media_radius":0,"media_shadow_opacity":0,"media_shadow_horizontal_offset":0,"media_shadow_vertical_offset":4,"media_shadow_blur":5,"popup_border_thickness":1,"popup_border_opacity":10,"popup_corner_radius":0,"popup_shadow_opacity":0,"popup_shadow_horizontal_offset":0,"popup_shadow_vertical_offset":4,"popup_shadow_blur":5,"drawer_border_thickness":1,"drawer_border_opacity":10,"drawer_shadow_opacity":0,"drawer_shadow_horizontal_offset":0,"drawer_shadow_vertical_offset":4,"drawer_shadow_blur":5,"badge_position":"bottom left","badge_corner_radius":40,"sale_badge_color_scheme":"accent-2","sold_out_badge_color_scheme":"inverse","accent_icons":"text","social_twitter_link":"","social_facebook_link":"","social_pinterest_link":"","social_instagram_link":"","social_tiktok_link":"","social_tumblr_link":"","social_snapchat_link":"","social_youtube_link":"","social_vimeo_link":"","predictive_search_enabled":true,"predictive_search_show_vendor":false,"predictive_search_show_price":false,"currency_code_enabled":true,"sections":{"announcement-bar":{"type":"announcement-bar","blocks":{"announcement-bar-0":{"type":"announcement","settings":{"text":"Welcome to our store","link":""}}},"block_order":["announcement-bar-0"],"settings":{}},"header":{"type":"header","settings":{"logo_width":90,"logo_position":"middle-left","menu":"main-menu","enable_sticky_header":true,"margin_bottom":0}},"footer":{"type":"footer","blocks":{"footer-0":{"type":"link_list","settings":{"heading":"Quick links","menu":"footer"}},"footer-1":{"type":"link_list","settings":{"heading":"Info","menu":"footer"}},"footer-2":{"type":"text","settings":{"heading":"Our mission","subtext":"<p>Share contact information, store details, and brand content with your customers.<\/p>"}}},"block_order":["footer-0","footer-1","footer-2"],"settings":{"color_scheme":"background-1","payment_enable":true,"margin_top":48,"padding_top":36,"padding_bottom":36}},"main-password-header":{"type":"main-password-header","settings":{"logo_max_width":100,"color_scheme":"background-1"}},"main-password-footer":{"type":"main-password-footer","settings":{"color_scheme":"background-1"}}}}},"platform_customizations":{"custom_css":[".bg-color-coal-black {background-color: #36454f;}"]}}