{
  "article": [],
  "blog": [],
  "collection": [],
  "company": [],
  "company_location": [],
  "location": [],
  "market": [],
  "order": [],
  "page": [],
  "product": [
    {
      "key": "movement",
      "namespace": "custom_watch",
      "name": "Watch Movement",
      "description": "",
      "type": {
        "name": "json",
        "category": "JSON"
      }
    },
    {
      "key": "dial",
      "namespace": "custom_watch",
      "name": "Watch Dial",
      "description": "",
      "type": {
        "name": "json",
        "category": "JSON"
      }
    },
    {
      "key": "case",
      "namespace": "custom_watch",
      "name": "Watch Case",
      "description": "",
      "type": {
        "name": "json",
        "category": "JSON"
      }
    },
    {
      "key": "strap",
      "namespace": "custom_watch",
      "name": "Watch Strap",
      "description": "",
      "type": {
        "name": "json",
        "category": "JSON"
      }
    },
    {
      "key": "strap_plus",
      "namespace": "custom_watch",
      "name": "Watch Strap Plus",
      "description": "",
      "type": {
        "name": "json",
        "category": "JSON"
      }
    },
    {
      "key": "rotor",
      "namespace": "custom_watch",
      "name": "Watch Rotor",
      "description": "",
      "type": {
        "name": "json",
        "category": "JSON"
      }
    },
    {
      "key": "personalization",
      "namespace": "custom_watch",
      "name": "Watch Personalization",
      "description": "",
      "type": {
        "name": "json",
        "category": "JSON"
      }
    },
    {
      "key": "hands",
      "namespace": "custom_watch",
      "name": "Watch Hands",
      "description": "",
      "type": {
        "name": "json",
        "category": "JSON"
      }
    }
  ],
  "variant": [],
  "shop": [
    {
      "key": "alpine_sports",
      "namespace": "test_data",
      "name": "Alpine sport types",
      "description": "The set of alpine sports that this sport shop specializes in",
      "type": {
        "name": "list.single_line_text_field",
        "category": "TEXT"
      }
    }
  ]
}