{"sections":{"main":{"type":"main-article","blocks":{"featured_image":{"type":"featured_image","settings":{"image_height":"large","article_title":false,"blog_show_date":true,"blog_show_author":true,"color_scheme":"accent-2"}},"content":{"type":"content","settings":{}}},"block_order":["featured_image","content"],"settings":{"page_full_width":true,"page_full_width_spacing":false,"padding_top":0,"padding_bottom":0,"show_articles":true,"side_show_excerpts":true,"article_title":"Recent posts","limit":3,"show_tags":true,"tags_title":"Tags:","sidebar_settings":"no-sidebar","show_social":true,"show_promo":false,"sidebar_title":"","sidebar_link_text":"","sidebar_link":"","show_collection":false,"collection_title":"Recent posts","collection":"","collection_limit":5,"show_menu":false,"menu_title":"Categories","linklist":""}}},"order":["main"]}