{"sections":{"4097041e-cc9d-40ca-beca-632e853ffa1d":{"type":"breadcrumb","settings":{"page_full_width":false,"page_full_width_spacing":false,"use_breadcrumb_title":true,"breadcrumb_style":"center","color_scheme":"background-1","image_overlay_opacity":40,"padding_top":100,"padding_bottom":100}},"main":{"type":"main-blog","settings":{"page_full_width":false,"page_full_width_spacing":false,"heading":"","column_alignment":"center","block_banner_style":"list-style","show_image":true,"image_height":"adapt","post_limit":10,"show_date":true,"show_author":true,"show_excerpts":true,"enable_comments":true,"show_readmore":true,"image_border_radius":false,"show_tags":false,"tags_title":"Tags","padding_top":0,"padding_bottom":0}}},"order":["4097041e-cc9d-40ca-beca-632e853ffa1d","main"]}