{"sections":{"cart-items":{"type":"main-cart-items","settings":{"notes_label":"Special order instructions","summary_title":"Order Summary","shipping_text":"Free","tax_label":"Taxes","tax_rate":8,"service_fee_label":"Service Fee","service_fee_amount":250,"checkout_button_text":"Proceed to Checkout","empty_cart_title":"Your cart is currently empty.","empty_cart_message":"It looks like you haven't added any timepieces to your cart yet. Start exploring our collection.","continue_shopping_text":"Continue Shopping"}},"cart-footer":{"type":"main-cart-footer","blocks":{"subtotal":{"type":"subtotal","settings":{}},"buttons":{"type":"buttons","settings":{}}},"block_order":["subtotal","buttons"],"disabled":true,"settings":{}}},"order":["cart-items","cart-footer"]}