{"sections":{"banner":{"type":"main-collection-banner","disabled":true,"settings":{"page_full_width":false,"page_full_width_spacing":false,"show_collection_heading":true,"show_collection_description":true,"show_collection_image":true,"column_alignment":"left","color_scheme":"background-1","padding_top":24,"padding_bottom":4}},"product_showcase_pGaQfH":{"type":"product-showcase","name":"Premium Product Showcase","settings":{"section_title":"Premium Collection","section_description":"Discover our handpicked selection of premium products, crafted for those who appreciate exceptional quality and design.","collection":"customization-watch","products_to_show":12}},"product-grid":{"type":"main-collection-product-grid","disabled":true,"settings":{"products_per_page":12,"columns_desktop":4,"page_full_width":false,"page_full_width_spacing":false,"image_ratio":"portrait","show_secondary_image":true,"show_vendor":true,"show_new_tag":true,"show_rating":false,"enable_filtering":true,"filter_type":"horizontal","enable_sorting":true,"pagination":"numbers","columns_mobile":"2","sidebar_settings":"sidebar-left","enable_grid_list":true,"show_menu":true,"menu_title":"Category","linklist":"","show_carousel":false,"carousel_title":"Best Seller","carousel":"frontpage","carousel_limit":3,"show_image":false,"sidebar_title":"Best Sellers","sidebar_button":"Shop Now","sidebar_link":"shopify:\/\/collections\/3-layer-cherry-cakes","show_collection":true,"collection_title":"Trending","collection":"organic-bars","collection_limit":2,"padding_top":60,"padding_bottom":60}}},"order":["product_showcase_pGaQfH","banner","product-grid"]}