{"sections":{"c1c4b59f-4bd8-4323-b22c-55303b884ae5":{"type":"slideshow","blocks":{"678cd776-53de-4419-b6ae-af0c428d4b90":{"type":"slide","settings":{"image":"shopify:\/\/shop_images\/New_Project_b36b66f7-6609-48f1-9059-202c03949f40.jpg","mobile_image":"shopify:\/\/shop_images\/New_Project_b36b66f7-6609-48f1-9059-202c03949f40.jpg","subheading":"Create your own work","letter_spacing":false,"show_content":true,"heading":"BOCANEGRA WATCHES","heading_size":"h2","text":"","button_label":"Customize Your Version","link":"shopify:\/\/collections\/customization-watch","button_style_secondary":true,"box_align":"middle-center","show_text_box":false,"text_alignment":"center","color_scheme":"inverse","text_alignment_mobile":"center"}}},"block_order":["678cd776-53de-4419-b6ae-af0c428d4b90"],"settings":{"page_full_width":true,"page_full_width_spacing":false,"slide_height":"small","swiper_navigation":false,"auto_pay":0,"show_thumb":false,"show_text_below":false,"image_overlay_opacity":60}},"custom_liquid_D9xEeh":{"type":"custom-liquid","name":"t:sections.custom-liquid.presets.name","settings":{"page_full_width":false,"page_full_width_spacing":false,"custom_liquid":"<div style=\"display: flex; flex-wrap: wrap; align-items: center; justify-content: center; padding: 40px 0;\">\n  <!-- Left Text Section -->\n  <div style=\"flex: 1; min-width: 300px; padding: 20px;\">\n    <h2 style=\"font-size: 28px; font-weight: bold; margin-bottom: 15px;\">Crafted by You<\/h2>\n    <p style=\"font-size: 16px; color: #000;\">\n      At Bocanegra, we believe that your watch should be as unique as you are.\n      Our commitment to customization, exceptional craftsmanship, and transparency\n      allows you to create a timepiece that truly reflects your style.\n    <\/p>\n  <\/div>\n\n  <!-- Right Image Section -->\n  <div style=\"flex: 1; min-width: 300px; background-color: #000; display: flex; justify-content: center; align-items: center; height: 300px; border-radius: 8px;\">\n    <img src=\"https:\/\/cdn.shopify.com\/s\/files\/1\/0948\/1741\/9601\/files\/image_16.png?v=1753802218\" alt=\"Watch Icon\" style=\"width: 100px; height: auto;\">\n  <\/div>\n<\/div>","color_scheme":"background-2","padding_top":12,"padding_bottom":12,"address_heading":"","address_desc":"","collapsible_address":"","collapsible_contact_no":"","collapsible_contact_id":""}},"custom_liquid_VqedrM":{"type":"custom-liquid","name":"t:sections.custom-liquid.presets.name","settings":{"page_full_width":true,"page_full_width_spacing":false,"custom_liquid":"<div style=\"background-color: #000; color: #fff; padding: 60px 20px;\">\n  <!-- Title -->\n  <h2 style=\"text-align: center; font-size: 30px; font-weight: bold; margin-bottom: 50px; color: white;\">How It Works<\/h2>\n\n  <!-- Card Container -->\n  <div style=\"display: flex; flex-wrap: wrap; justify-content: center; gap: 24px; max-width: 1200px; margin: auto;\">\n\n    <!-- Card 1 -->\n    <div style=\"flex: 1 1 250px; background-color: #111; padding: 50px 20px; text-align: center; border-radius: 10px; border: 1px solid #fff;\">\n      <img src=\"https:\/\/cdn.shopify.com\/s\/files\/1\/0948\/1741\/9601\/files\/Choose_Movement.png?v=1753805743-png.flaticon.com\/512\/1827\/1827349.png\" alt=\"Choose Movement\" style=\"width: 60px; margin-bottom: 20px;\" \/>\n      <h3 style=\"font-size: 02px; font-weight: bold; margin-bottom: 10px;\">Choose Movement<\/h2>\n      <p style=\"color: #fff; font-size: 22px;\">Choose Movement<\/p>\n      <p style=\"color: #bbb; font-size: 14px;\">Select from premium automatic movements<\/p>\n    <\/div>\n\n    <!-- Card 2 -->\n    <div style=\"flex: 1 1 250px; background-color: #111; padding: 50px 20px; text-align: center; border-radius: 10px; border: 1px solid #fff;\">\n      <img src=\"https:\/\/cdn.shopify.com\/s\/files\/1\/0948\/1741\/9601\/files\/Design_Dial_Hands.png?v=1753806592-png.flaticon.com\/512\/2601\/2601825.png\" alt=\"Design Dial\" style=\"width: 60px; margin-bottom: 20px;\" \/>\n      <h3 style=\"font-size: 02px; font-weight: bold; margin-bottom: 10px;\">Design Dial & Hands<\/h3>\n      <p style=\"color: #fff; font-size: 22px;\">Design Dial & Hands<\/p>\n<p style=\"color: #bbb; font-size: 14px;\">Customize the face of your watch<\/p>\n    <\/div>\n\n    <!-- Card 3 -->\n    <div style=\"flex: 1 1 250px; background-color: #111; padding: 50px 20px; text-align: center; border-radius: 10px; border: 1px solid #fff;\">\n      <img src=\"https:\/\/cdn.shopify.com\/s\/files\/1\/0948\/1741\/9601\/files\/Optional_Features.png?v=1753806918-png.flaticon.com\/512\/7594\/7594553.png\" alt=\"Pick Case\" style=\"width: 60px; margin-bottom: 20px;\" \/>\n      <h3 style=\"font-size: 02px; font-weight: bold; margin-bottom: 10px;\">Pick Case & Strap<\/h3>\n      <p style=\"color: #fff; font-size: 22px;\">Pick Case & Strap<\/p>\n<p style=\"color: #bbb; font-size: 14px;\">Select your perfect combination<\/p>\n    <\/div>\n\n    <!-- Card 4 -->\n    <div style=\"flex: 1 1 250px; background-color: #111; padding: 50px 20px; text-align: center; border-radius: 10px; border: 1px solid #fff;\">\n      <img src=\"https:\/\/cdn.shopify.com\/s\/files\/1\/0948\/1741\/9601\/files\/Pick_Case_Strap.png?v=1753807063-png.flaticon.com\/512\/1828\/1828884.png\" alt=\"Optional Features\" style=\"width: 60px; margin-bottom: 20px;\" \/>\n      <h3 style=\"font-size: 02px; font-weight: bold; margin-bottom: 10px;\">Optional Features<\/h3>\n      <p style=\"color: #fff; font-size: 22px;\">Optional Features\n<\/p>\n<p style=\"color: #bbb; font-size: 14px;\">Add personal touches\n\n<\/p>\n    <\/div>\n\n  <\/div>\n<\/div>","color_scheme":"background-1","padding_top":0,"padding_bottom":0,"address_heading":"","address_desc":"","collapsible_address":"","collapsible_contact_no":"","collapsible_contact_id":""}},"custom_liquid_qiK6RE":{"type":"custom-liquid","name":"t:sections.custom-liquid.presets.name","settings":{"page_full_width":true,"page_full_width_spacing":false,"custom_liquid":"<div style=\"background-color: #fff; color: #000; padding: 60px 20px;\">\n  <!-- Section Title -->\n  <h2 style=\"text-align: center; font-size: 30px; font-weight: bold; margin-bottom: 50px;\">Why Bocanegra<\/h2>\n\n  <!-- Card Container -->\n  <div style=\"display: flex; flex-wrap: wrap; justify-content: center; gap: 24px; max-width: 1100px; margin: auto;\">\n\n    <!-- Card 1 -->\n    <div style=\"flex: 1 1 280px; background-color: #fff; padding: 30px 20px; text-align: center; border-radius: 12px; border: 1px solid #e5e5e5;\">\n      <img src=\"https:\/\/cdn.shopify.com\/s\/files\/1\/0948\/1741\/9601\/files\/Icon_4.png?v=1753807769-png.flaticon.com\/512\/1827\/1827360.png\" alt=\"Customization Icon\" style=\"width: 50px; margin-bottom: 20px;\" \/>\n      <h3 style=\"font-size: 16px; font-weight: bold; margin-bottom: 10px;\">Full Customization<\/h3>\n      <p style=\"color: #666; font-size: 14px;\">Create a watch that's uniquely yours<\/p>\n    <\/div>\n\n    <!-- Card 2 -->\n    <div style=\"flex: 1 1 280px; background-color: #fff; padding: 30px 20px; text-align: center; border-radius: 12px; border: 1px solid #e5e5e5;\">\n      <img src=\"https:\/\/cdn.shopify.com\/s\/files\/1\/0948\/1741\/9601\/files\/Icon_2.png?v=1753807647-png.flaticon.com\/512\/1042\/1042338.png\" alt=\"Premium Materials\" style=\"width: 40px; margin-bottom: 20px;\" \/>\n      <h3 style=\"font-size: 16px; font-weight: bold; margin-bottom: 10px;\">Premium Materials<\/h3>\n      <p style=\"color: #666; font-size: 14px;\">Only the finest components used<\/p>\n    <\/div>\n\n    <!-- Card 3 -->\n    <div style=\"flex: 1 1 280px; background-color: #fff; padding: 30px 20px; text-align: center; border-radius: 12px; border: 1px solid #e5e5e5;\">\n      <img src=\"https:\/\/cdn.shopify.com\/s\/files\/1\/0948\/1741\/9601\/files\/Icon_1.png?v=1753807546-png.flaticon.com\/512\/3144\/3144456.png\" alt=\"Transparent Pricing\" style=\"width: 40px; margin-bottom: 20px;\" \/>\n      <h3 style=\"font-size: 16px; font-weight: bold; margin-bottom: 10px;\">Transparent Pricing<\/h3>\n      <p style=\"color: #666; font-size: 14px;\">Clear pricing for every option<\/p>\n    <\/div>\n\n  <\/div>\n<\/div>","color_scheme":"background-2","padding_top":0,"padding_bottom":0,"address_heading":"","address_desc":"","collapsible_address":"","collapsible_contact_no":"","collapsible_contact_id":""}},"custom_liquid_HFqigN":{"type":"custom-liquid","name":"t:sections.custom-liquid.presets.name","settings":{"page_full_width":true,"page_full_width_spacing":false,"custom_liquid":"<div style=\"background-color: #000; color: #fff; text-align: center; padding: 60px 20px;\">\n  <!-- Heading -->\n  <h2 style=\"font-size: 28px; font-weight: bold; margin-bottom: 20px; color: #ffffff;\">\n    Ready to Create Your Watch?\n  <\/h2>\n\n  <!-- Button Link -->\n  <a href=\"https:\/\/bocanegrawatches.myshopify.com\/collections\/customization-watch\" style=\"display: inline-block; color: #ffffff; font-weight: bold; font-size: 16px; text-decoration: none; border-bottom: 2px solid transparent; transition: all 0.3s ease;\">\n    Start Your Custom Watch &nbsp; →\n  <\/a>\n<\/div>","color_scheme":"background-1","padding_top":0,"padding_bottom":0,"address_heading":"","address_desc":"","collapsible_address":"","collapsible_contact_no":"","collapsible_contact_id":""}}},"order":["c1c4b59f-4bd8-4323-b22c-55303b884ae5","custom_liquid_D9xEeh","custom_liquid_VqedrM","custom_liquid_qiK6RE","custom_liquid_HFqigN"]}