{"sections":{"ed8bde96-907a-485b-85de-38b312de5c96":{"type":"image-banner","blocks":{"14a3e6f1-beb3-4ac6-a6ba-92ba22f2978c":{"type":"heading","settings":{"heading":"Unbeatable Deal Available Now! Browse New Arrivals","heading_size":"h1"}},"43ad6543-e63b-41e3-a3cd-ca15679883a1":{"type":"text","settings":{"text":"Discover irresistible offers in our latest arrivals! Don't miss out on unbeatable deals available now, handpicked for your satisfaction. Explore and shop today!","text_style":"body"}},"a92f4d00-c545-4089-a748-bf259e4f3076":{"type":"buttons","settings":{"button_label_1":"shop all","button_link_1":"shopify:\/\/collections","button_style_secondary_1":true,"button_label_2":"","button_link_2":"","button_style_secondary_2":false}}},"block_order":["14a3e6f1-beb3-4ac6-a6ba-92ba22f2978c","43ad6543-e63b-41e3-a3cd-ca15679883a1","a92f4d00-c545-4089-a748-bf259e4f3076"],"settings":{"page_full_width":true,"page_full_width_spacing":false,"image":"shopify:\/\/shop_images\/Collection.jpg","image_overlay_opacity":0,"image_height":"small","adapt_height_first_image":true,"desktop_content_position":"middle-left","show_text_box":false,"desktop_content_alignment":"left","color_scheme":"accent-1","mobile_content_alignment":"center","stack_images_on_mobile":true,"show_text_below":false,"margin_top":0,"margin_bottom":0}},"5a6167b9-7e65-4f28-bb95-335bbeadc0bc":{"type":"breadcrumb","settings":{"page_full_width":false,"page_full_width_spacing":false,"use_breadcrumb_title":true,"breadcrumb_style":"start","color_scheme":"background-1","image_overlay_opacity":40,"padding_top":80,"padding_bottom":0}},"main":{"type":"main-list-collections","settings":{"title":"","page_full_width":false,"adapt_height_first_image":false,"page_full_width_spacing":false,"sort":"alphabetical","collection_layout":"grid","collection_button_label":"view collection","image_ratio":"adapt","columns_desktop":3,"columns_mobile":"1","padding_top":20,"padding_bottom":0}}},"order":["ed8bde96-907a-485b-85de-38b312de5c96","5a6167b9-7e65-4f28-bb95-335bbeadc0bc","main"]}