{"sections":{"8322f927-67ab-4184-9426-9d30a5ff428c":{"type":"breadcrumb","settings":{"page_full_width":true,"page_full_width_spacing":true,"use_breadcrumb_title":true,"breadcrumb_style":"center","color_scheme":"background-1","image_overlay_opacity":0,"padding_top":100,"padding_bottom":100}},"main":{"type":"main-page","disabled":true,"settings":{"page_full_width":false,"page_full_width_spacing":false,"padding_top":0,"padding_bottom":0}},"37409028-8d72-4cc5-a4e9-4523e0f2ec82":{"type":"grid-banner","blocks":{"template--21004309037338__37409028-8d72-4cc5-a4e9-4523e0f2ec82-text-1":{"type":"text","settings":{"block_image":"shopify:\/\/shop_images\/About_1.jpg","show_content":true,"block_sub_title":"How we do that","block_title":"Vogue is here to make women bold out the trend.","enable_title_link":false,"block_description":"We are a group of enthusiastic fashionistas committed to providing you with the newest styles and timeless classics in women's clothing. Our goal is to give women the confidence, beauty, and style they deserve in all facets of their lives.","block_button_text":"Shop handmade","block_button_link":"shopify:\/\/collections","button_style_secondary":false,"desktop_content_alignment":"center","desktop_content_position":"middle-center","reverse_column":false}}},"block_order":["template--21004309037338__37409028-8d72-4cc5-a4e9-4523e0f2ec82-text-1"],"settings":{"page_full_width":true,"page_full_width_spacing":false,"sub_heading":"","title":"","heading_size":"h2","description":"","button_label":"","button_link":"","button_style_secondary":false,"column_alignment":"center","background_style":"none","banner_style":"list","grid-column":"1","column_gap":"20","overlay_height":400,"overlay_height_laptop":300,"overlay_height_tab":300,"overlay_height_mobile":200,"color_scheme":"background-1","swiper_enable":false,"desktop_column":4,"tablet_column":3,"mobile_column":1,"centered_slide":false,"swiper_pagination":false,"swiper_navigation":false,"auto_play":0,"padding_top":0,"padding_bottom":0}},"beb5fd3c-b4fe-454b-b738-7b07dd9f38c1":{"type":"grid-banner","blocks":{"74881dea-3a2a-46de-b27e-68aaa9c13e79":{"type":"text","settings":{"block_image":"shopify:\/\/shop_images\/About_2.jpg","show_content":true,"block_sub_title":"How we do that","block_title":"Radiate Confidence with Our Chic and Fashion-Forward Apparel Collection at Vogue.","enable_title_link":false,"block_description":"Whether you want to express your own style identity through clothing, are dressing up for a special occasion, or are just trying to dress up for everyday wear.All here at Vogue.","block_button_text":"Shop handmade","block_button_link":"shopify:\/\/collections","button_style_secondary":false,"desktop_content_alignment":"center","desktop_content_position":"middle-center","reverse_column":true}}},"block_order":["74881dea-3a2a-46de-b27e-68aaa9c13e79"],"settings":{"page_full_width":true,"page_full_width_spacing":false,"sub_heading":"","title":"","heading_size":"h2","description":"","button_label":"","button_link":"","button_style_secondary":false,"column_alignment":"center","background_style":"none","banner_style":"list","grid-column":"1","column_gap":"20","overlay_height":400,"overlay_height_laptop":300,"overlay_height_tab":300,"overlay_height_mobile":200,"color_scheme":"background-1","swiper_enable":false,"desktop_column":4,"tablet_column":3,"mobile_column":1,"centered_slide":false,"swiper_pagination":false,"swiper_navigation":false,"auto_play":0,"padding_top":0,"padding_bottom":0}},"f5ec3d01-41fa-4d83-bc43-cc586ba0ea38":{"type":"testimonial-brand","blocks":{"template--21004309037338__f5ec3d01-41fa-4d83-bc43-cc586ba0ea38-text-1":{"type":"text","settings":{"image":"shopify:\/\/shop_images\/Group_25326.png","quote":"Style Redefined: VOGUE receives rave reviews for its curated fashion, blending trends and comfort, a wardrobe revelation"}},"template--21004309037338__f5ec3d01-41fa-4d83-bc43-cc586ba0ea38-text-2":{"type":"text","settings":{"image":"shopify:\/\/shop_images\/Group_25328.png","quote":"Fashion Haven! VOGUE earns accolades for its chic apparel and trendsetting styles, a wardrobe staple"}},"template--21004309037338__f5ec3d01-41fa-4d83-bc43-cc586ba0ea38-text-3":{"type":"text","settings":{"image":"shopify:\/\/shop_images\/Group_25322.png","quote":"Style Redefined! VOGUE captures hearts with its curated collections, making it a go-to destination for fashion enthusiasts"}},"133492b6-ec55-4757-9eff-2f2183d14308":{"type":"text","settings":{"image":"shopify:\/\/shop_images\/Group_25326.png","quote":"Fashion Forward! VOGUE stands out as a top-tier clothing store, applauded for its on-point trends and unmatched customer experience"}},"2d0f4e2a-cb5a-4508-b371-eaff2ed899d6":{"type":"text","settings":{"image":"shopify:\/\/shop_images\/Group_25323.png","quote":"Dress to Impress! VOGUE receives glowing reviews from Forbes for its diverse and high-quality clothing, setting a new standard in fashion retail"}},"95096a06-cc4a-41c7-88c0-d024934076e8":{"type":"text","settings":{"image":"shopify:\/\/shop_images\/Group_25325.png","quote":"Clothing Couture! VOGUE earns kudos for its timeless apparel and personalized service, cementing its place as a fashion connoisseur's choice"}}},"block_order":["template--21004309037338__f5ec3d01-41fa-4d83-bc43-cc586ba0ea38-text-1","template--21004309037338__f5ec3d01-41fa-4d83-bc43-cc586ba0ea38-text-2","template--21004309037338__f5ec3d01-41fa-4d83-bc43-cc586ba0ea38-text-3","133492b6-ec55-4757-9eff-2f2183d14308","2d0f4e2a-cb5a-4508-b371-eaff2ed899d6","95096a06-cc4a-41c7-88c0-d024934076e8"],"settings":{"page_full_width":false,"page_full_width_spacing":false,"sub_heading":"","title":"","heading_size":"h1","description":"","button_label":"","button_link":"","button_style_secondary":false,"column_alignment":"left","content_alignment":"center","color_scheme":"background-2","padding_top":120,"padding_bottom":120}},"ca72fc13-1c03-4fe5-99da-ea6688150d4a":{"type":"inner-page-team-section","blocks":{"template--20337075945754__ca72fc13-1c03-4fe5-99da-ea6688150d4a-text-1":{"type":"text","settings":{"block_image":"shopify:\/\/shop_images\/About_Teams_1_15aa68e3-301f-4739-b9b4-2cab4127ea18.jpg","show_content":true,"block_title":"Avianna Bradford","block_description":"Designer","desktop_content_alignment":"center","social_twitter_link":"","social_facebook_link":"","social_pinterest_link":"","social_instagram_link":"","social_youtube_link":""}},"template--20337075945754__ca72fc13-1c03-4fe5-99da-ea6688150d4a-text-2":{"type":"text","settings":{"block_image":"shopify:\/\/shop_images\/About_Teams_2_e9f9152b-a323-48ba-a8eb-a842baa53733.jpg","show_content":true,"block_title":"Isabela Harding","block_description":"Founder","desktop_content_alignment":"center","social_twitter_link":"","social_facebook_link":"","social_pinterest_link":"","social_instagram_link":"","social_youtube_link":""}},"template--20337075945754__ca72fc13-1c03-4fe5-99da-ea6688150d4a-text-3":{"type":"text","settings":{"block_image":"shopify:\/\/shop_images\/About_Teams_3_46db1d75-6642-416e-b22c-adb2e707587f.jpg","show_content":true,"block_title":"Zara Gordon","block_description":"Photographer","desktop_content_alignment":"center","social_twitter_link":"","social_facebook_link":"","social_pinterest_link":"","social_instagram_link":"","social_youtube_link":""}},"template--20337075945754__ca72fc13-1c03-4fe5-99da-ea6688150d4a-text-4":{"type":"text","settings":{"block_image":"shopify:\/\/shop_images\/About_Teams_4_1a12808b-8b66-4599-ad0f-f0bb8b17e37e.jpg","show_content":true,"block_title":"Isabella Scott","block_description":"Marketing Director","desktop_content_alignment":"center","social_twitter_link":"","social_facebook_link":"","social_pinterest_link":"","social_instagram_link":"","social_youtube_link":""}},"8e8e4642-5fa3-42bb-a141-f6f65ee0c8fa":{"type":"text","settings":{"block_image":"shopify:\/\/shop_images\/About_Teams_5_273e7786-9d10-4376-bd10-447809118edd.jpg","show_content":true,"block_title":"Jane Emerson","block_description":"Art Director","desktop_content_alignment":"center","social_twitter_link":"","social_facebook_link":"","social_pinterest_link":"","social_instagram_link":"","social_youtube_link":""}}},"block_order":["template--20337075945754__ca72fc13-1c03-4fe5-99da-ea6688150d4a-text-1","template--20337075945754__ca72fc13-1c03-4fe5-99da-ea6688150d4a-text-2","template--20337075945754__ca72fc13-1c03-4fe5-99da-ea6688150d4a-text-3","template--20337075945754__ca72fc13-1c03-4fe5-99da-ea6688150d4a-text-4","8e8e4642-5fa3-42bb-a141-f6f65ee0c8fa"],"settings":{"page_full_width":true,"page_full_width_spacing":true,"sub_heading":"Weekly picks","title":"Meet our team","heading_size":"h1","description":"","button_label":"","button_link":"","button_style_secondary":false,"column_alignment":"center","team-section":"4","color_scheme":"background-1","swiper_enable":true,"desktop_column":4,"laptop_column":3,"tablet_column":2,"mobile_column":1,"swiper_pagination":true,"swiper_navigation":false,"auto_play":0,"padding_top":100,"padding_bottom":72}},"b8e344f3-310b-4e84-b388-3c24161dc72f":{"type":"testimonial","blocks":{"template--20337075945754__b8e344f3-310b-4e84-b388-3c24161dc72f-text-1":{"type":"text","settings":{"image":"shopify:\/\/shop_images\/Testimonal_01_a65ee81f-215e-4404-b315-f636c541282b.jpg","content-heading":"Adoration for Trendy Elegance","content_sub_heading":"","author":"Emily","job_title":"New York City","quote":"<p>\"I absolutely adore the seasonal dress collection from Vogue. The designs are both trendy and elegant, making it easy to find the perfect outfit for any occasion.\"<\/p>","star":"5","product":"blossom-blush-sundress"}},"template--20337075945754__b8e344f3-310b-4e84-b388-3c24161dc72f-text-2":{"type":"text","settings":{"image":"shopify:\/\/shop_images\/Testimonal_02_8834209f-df33-41d6-bb9e-7d5d4fd2a27d.jpg","content-heading":"A Fashion Enthusiast's Delight","content_sub_heading":"","author":"Jessica","job_title":"Los Angeles","quote":"<p>\"As a fashion enthusiast, I'm always on the lookout for unique pieces to add to my wardrobe. Vogue never disappoints with their stunning fashion collections.\"<\/p>","star":"3","product":"urban-explorer"}},"template--20337075945754__b8e344f3-310b-4e84-b388-3c24161dc72f-text-3":{"type":"text","settings":{"image":"shopify:\/\/shop_images\/Testimonal_03_bc2a4fed-b87d-4578-abc5-0148f47a517d.jpg","content-heading":"Delightful Seasonal Style Finds","content_sub_heading":"","author":"Sarah","job_title":"Miami","quote":"<p>\"Shopping for seasonal dresses has never been this delightful! Vogue curates a beautiful selection of outfits that reflect the latest fashion trends.\"<\/p>","star":"4","product":"urban-explorer"}}},"block_order":["template--20337075945754__b8e344f3-310b-4e84-b388-3c24161dc72f-text-1","template--20337075945754__b8e344f3-310b-4e84-b388-3c24161dc72f-text-2","template--20337075945754__b8e344f3-310b-4e84-b388-3c24161dc72f-text-3"],"settings":{"page_full_width":false,"page_full_width_spacing":false,"sub_heading":"Happy customers","title":"What they say about us","heading_size":"h2","description":"","button_label":"","button_link":"","button_style_secondary":false,"column_alignment":"center","content_alignment":"left","show_product":true,"show_quote":false,"author_style":"style-1","color_scheme":"background-1","swiper_pagination":false,"swiper_navigation":true,"auto_play":0,"padding_top":0,"padding_bottom":0}}},"order":["8322f927-67ab-4184-9426-9d30a5ff428c","main","37409028-8d72-4cc5-a4e9-4523e0f2ec82","beb5fd3c-b4fe-454b-b738-7b07dd9f38c1","f5ec3d01-41fa-4d83-bc43-cc586ba0ea38","ca72fc13-1c03-4fe5-99da-ea6688150d4a","b8e344f3-310b-4e84-b388-3c24161dc72f"]}