{"sections":{"8c22b2c2-d445-4ed3-a15d-a2525c2a9c72":{"type":"breadcrumb","disabled":true,"settings":{"page_full_width":true,"page_full_width_spacing":false,"use_breadcrumb_title":true,"breadcrumb_style":"center","color_scheme":"background-1","image_overlay_opacity":55,"padding_top":100,"padding_bottom":100}},"83ea71c2-2ab4-4526-9c61-9b2312a550aa":{"type":"map","settings":{"page_full_width":true,"page_full_width_spacing":false,"custom_liquid":"<iframe src=\"https:\/\/www.google.com\/maps\/embed?pb=!1m18!1m12!1m3!1d2800.4613638404826!2d-75.69350433600744!3d45.420200299051416!2m3!1f0!2f0!3f0!3m2!1i1024!2i768!4f13.1!3m3!1m2!1s0x4cce0502f07d210b%3A0xa1502f7f1d25c118!2sShopify!5e0!3m2!1sen!2sin!4v1695268769949!5m2!1sen!2sin\" width=\"100%\" height=\"650\" style=\"border:0;\" allowfullscreen=\"\" loading=\"lazy\" referrerpolicy=\"no-referrer-when-downgrade\"><\/iframe>","color_scheme":"background-1","padding_top":0,"padding_bottom":0}},"main":{"type":"main-page","settings":{"page_full_width":false,"page_full_width_spacing":false,"padding_top":0,"padding_bottom":0}},"0b8c12a8-0a65-4c8c-b88c-2a212202886f":{"type":"form-image","settings":{"page_full_width":false,"page_full_width_spacing":false,"heading":"Get in Touch","heading_size":"h2","description":"","color_scheme":"background-1","address_heading":"Address","address":"<p>No: 58 A, East Madison Street,<br\/><\/p><p>Baltimore, MD, USA 4508<\/p>","phone_heading":"Phone","phone_1":"785 - 345 - 8574","phone_2":"785 - 345 - 6789","mail_heading":"Email","mail_1":"info@vougemail.com","mail_2":"support@vougemail.com","social_heading":"","padding_top":88,"padding_bottom":64}}},"order":["8c22b2c2-d445-4ed3-a15d-a2525c2a9c72","83ea71c2-2ab4-4526-9c61-9b2312a550aa","main","0b8c12a8-0a65-4c8c-b88c-2a212202886f"]}