{"sections":{"main":{"type":"main-page","settings":{"page_full_width":false,"page_full_width_spacing":false,"padding_top":0,"padding_bottom":0}},"product_showcase_gCrMx4":{"type":"product-showcase","name":"Premium Product Showcase","settings":{"section_title":"Premium Collection","section_description":"Discover our handpicked selection of premium products, crafted for those who appreciate exceptional quality and design.","collection":"frontpage","products_to_show":12}}},"order":["main","product_showcase_gCrMx4"]}