{"sections":{"main":{"type":"main-page","disabled":true,"settings":{"page_full_width":false,"page_full_width_spacing":false,"padding_top":0,"padding_bottom":0}},"bocanegra_privacy_FcmYnN":{"type":"bocanegra-privacy","name":"Bocanegra Privacy Policy","settings":{"title":"Bocanegra Watches","intro_text":"<p><strong>Your trust is the foundation of our relationship. We handle your information with the same discretion and precision we apply to our craft.<\/strong><\/p>","info_gather_heading":"The Information We Gather","info_gather_col_header_1":"What We Gather","info_gather_col_header_2":"Why","info_gather_row1_what":"Your DetailsName, email, phone, and address.","info_gather_row1_why":"To fulfill your order and communicate with you directly.","info_gather_row2_what":"Payment InformationCard details are entered at checkout.","info_gather_row2_why":"Processed securely by Shopify’s encrypted payment gateways. We never store your full card information.","info_gather_row3_what":"Browsing DataCookies and site analytics.","info_gather_row3_why":"To understand how you interact with our site and enhance its performance.","use_info_heading":"How We Use Your Information","use_info_point1":"To Process Your Order: Ensuring your timepiece is crafted, packaged, and delivered with precision.","use_info_point2":"To Enhance Service: Providing timely support and answering your inquiries efficiently.","use_info_point3":"To Personalize Your Journey: Tailoring content and recommendations to your preferences, only with your consent.","sharing_heading":"Sharing & Third Parties","sharing_no_sell_text":"We do not sell, rent, or trade your personal data.","sharing_text":"<p>We share information only with essential, vetted partners required to operate our store—such as Shopify for our platform, payment processors for transactions, and shipping carriers for delivery. All partners are contractually obligated to protect your data.<\/p>","cookies_heading":"Cookies & Tracking Technologies","cookies_text":"<p>We use minimal cookies to optimize site functionality, remember your preferences, and gather anonymous analytics. This ensures a smooth, refined experience. You can control cookie settings through your browser at any time.<\/p>","rights_heading":"Your Control & Rights","rights_text":"<p>You are in complete control of your personal information. You have the right to request access, correction, or deletion of your data at any time. To exercise your rights, please contact us directly.<\/p>","security_heading":"Security by Design","security_text":"<p>Your data is protected. Our website is hosted on Shopify’s secure servers, protected by industry-standard SSL encryption. We implement robust security measures to safeguard your information against unauthorized access and maintain your confidentiality.<\/p>","changes_heading":"Changes to This Policy","changes_text":"<p>As our brand evolves, so may this policy. We will post any updates here, ensuring our commitment to your privacy remains clear and current.<\/p>","contact_heading":"Contact Us","contact_email":"privacy@bocanegrawatches.com","contact_address_line1":"Bocanegra Atelier","contact_address_line2":"[Address], [City], [Postal Code]","contact_country":"[Country]"}}},"order":["main","bocanegra_privacy_FcmYnN"]}