{"sections":{"main":{"type":"main-page","disabled":true,"settings":{"page_full_width":false,"page_full_width_spacing":false,"padding_top":0,"padding_bottom":0}},"bocanegra_terms_RkxUBb":{"type":"bocanegra-terms","blocks":{"terms_block_PqK8BD":{"type":"terms_block","settings":{"icon_name":"globe","heading":"Use of Our Website","content":"<p>This site is for your personal use and exploration. You may not use our platform or its content for any commercial purposes without our explicit written permission. All automated access, bots, or scrapers are strictly prohibited.<\/p>","highlight_block":false}},"terms_block_iBkd9V":{"type":"terms_block","settings":{"icon_name":"box","heading":"Product Information & Accuracy","content":"<p>We describe our timepieces with the utmost precision. While we strive for perfect accuracy in our imagery and descriptions, please note that handcrafted items may have subtle variations. Colors may appear differently depending on your screen settings.<\/p>","highlight_block":false}},"terms_block_VTHEhC":{"type":"terms_block","settings":{"icon_name":"credit-card","heading":"Orders & Pricing","content":"<p>Your order submission is an offer to purchase. A contract is formed only when we dispatch the timepiece. All prices are final at the time of order confirmation. Payment is processed securely through our encrypted partners.<\/p>","highlight_block":false}},"terms_block_EU7hKH":{"type":"terms_block","settings":{"icon_name":"truck","heading":"Shipping & Risk of Loss","content":"<p>We ship our timepieces with premium, insured carriers. Title and risk of loss for all products pass to you upon delivery to the shipping address provided. Please inspect your package upon arrival.<\/p>","highlight_block":false}},"terms_block_Ydmf94":{"type":"terms_block","settings":{"icon_name":"shield-check","heading":"Our Promise: Returns & Warranty","content":"<p><strong>Returns.<\/strong> You may return your timepiece within 14 days of delivery, unworn and in its original packaging.<\/p><p><strong>Warranty.<\/strong> Every Bocanegra timepiece is protected by a 2-year international warranty, covering any manufacturing defects in materials and workmanship under normal use.<\/p>","highlight_block":true}},"terms_block_TfMQJc":{"type":"terms_block","settings":{"icon_name":"copyright","heading":"Intellectual Property","content":"<p>All designs, trademarks, graphics, and content on this website are the exclusive property of Bocanegra Watches. The use of our intellectual property without our prior written consent is strictly prohibited.<\/p>","highlight_block":false}},"terms_block_Wnn4jV":{"type":"terms_block","settings":{"icon_name":"alert-circle","heading":"Limitation of Liability","content":"<p>To the fullest extent permitted by law, Bocanegra Watches shall not be liable for any indirect, incidental, or consequential damages arising from your use of our site or purchase of our products. Our total liability is limited to the purchase price of the product in question.<\/p>","highlight_block":false}},"terms_block_TtRCdt":{"type":"terms_block","settings":{"icon_name":"balance","heading":"Governing Law","content":"<p>These terms of service and any disputes arising from them are governed by and construed in accordance with the laws of [Your Country\/State], without regard to its conflict of law principles.<\/p>","highlight_block":false}},"terms_block_cnLbxA":{"type":"terms_block","settings":{"icon_name":"envelope","heading":"Contact Us","content":"<p>For any questions regarding these terms, please contact our client services at <a href='mailto:support@bocanegrawatches.com'>support@bocanegrawatches.com<\/a>.<\/p>","highlight_block":false}}},"block_order":["terms_block_PqK8BD","terms_block_iBkd9V","terms_block_VTHEhC","terms_block_EU7hKH","terms_block_Ydmf94","terms_block_TfMQJc","terms_block_Wnn4jV","terms_block_TtRCdt","terms_block_cnLbxA"],"name":"Bocanegra Terms","settings":{"title":"Terms of Service | Bocanegra Watches","intro_text":"<p>Welcome to Bocanegra. These terms of service govern your use of our website and your purchase of our timepieces. By engaging with our brand, you agree to the following principles of our mutual respect and integrity.<\/p>"}}},"order":["main","bocanegra_terms_RkxUBb"]}