{"sections":{"main":{"type":"main-page","disabled":true,"settings":{"page_full_width":false,"page_full_width_spacing":false,"padding_top":0,"padding_bottom":0}},"b50efaf3-2f6c-4ae5-b425-958c7cd8c6bf":{"type":"breadcrumb","settings":{"page_full_width":true,"page_full_width_spacing":false,"use_breadcrumb_title":true,"breadcrumb_style":"center","color_scheme":"accent-1","breadcrumb_image":"shopify:\/\/shop_images\/10003.png","image_overlay_opacity":45,"padding_top":180,"padding_bottom":180}},"0266f4c5-7b51-4c9d-8401-743afa63a56a":{"type":"collapsible-with-grid","blocks":{"89c0549a-866e-42a7-9aab-0306c76943c1":{"type":"collapsible_row","settings":{"icon":"none","title":"1. What makes Bocanegra Watches unique?","desc":"Every Bocanegra timepiece is crafted with precision, curated materials, and refined design language.Our watches are built to embody confidence, minimal luxury, and timeless style — not trend."}},"12f11059-80a4-4c7b-b9ae-c80b27b825cc":{"type":"collapsible_row","settings":{"icon":"none","title":"2. Are your watches water-resistant?","desc":"Yes. Our models offer water resistance suitable for everyday use.However, we recommend avoiding full submersion, heat exposure, saunas, or showering with the watch to protect internal components."}},"8a387b76-0a55-4e01-8b87-e20c557dcff3":{"type":"collapsible_row","settings":{"icon":"none","title":"3. Do your watches come with a warranty?","desc":"Yes. Each Bocanegra watch includes a 12-month limited warranty covering:Movement defectsManufacturing issuesThis does not include damage from misuse, accidents, or wear-and-tear."}},"fe055d58-a198-4ab8-9a98-b257079e6a45":{"type":"collapsible_row","settings":{"icon":"none","title":"4. How long will shipping take?","desc":"Delivery time depends on location:Local \/ Domestic: 3–5 business daysInternational: 7–14 business daysYou will receive tracking details once your order ships."}},"48341141-573f-4446-9b7c-615618964b00":{"type":"collapsible_row","settings":{"icon":"none","title":"5. How can I track my order?","desc":"After your order is confirmed and shipped, you will receive a tracking link by email.If you can’t find it, please check spam or contact us."}},"b0a5c688-382d-43cc-8b7b-427d9b447167":{"type":"collapsible_row","settings":{"icon":"none","title":"6. Do you accept returns or exchanges?","desc":"Yes — we accept returns within 7 days of delivery if the product is:UnusedIn original conditionWith all packaging intactFor exchanges, we offer the same model or store credit depending on availability."}},"collapsible_row_zwtpQN":{"type":"collapsible_row","settings":{"icon":"none","title":"7. How do I care for my Bocanegra watch?","desc":"To maintain longevity:Clean gently with a soft, dry clothAvoid harsh chemicals and extreme temperaturesStore in a cool, dry place when not in use"}},"collapsible_row_gnt6Gc":{"type":"collapsible_row","settings":{"icon":"none","title":"8. Which payment methods do you accept?","desc":"We accept:All major debit & credit cardsMobile payment servicesSecure online checkoutAll transactions are encrypted and protected."}},"collapsible_row_VxrXd3":{"type":"collapsible_row","settings":{"icon":"none","title":"9. Can I change or cancel my order after placing it?","desc":"If the order hasn’t been shipped yet — yes.Contact us as soon as possible with your order number."}},"collapsible_row_YXgRAY":{"type":"collapsible_row","settings":{"icon":"none","title":"10. I have another question — how do I contact you?","desc":"We’d love to help.Email us anytime at: support@bocanegrawatches.comWe reply within 24 hours (Mon–Sat)."}}},"block_order":["89c0549a-866e-42a7-9aab-0306c76943c1","12f11059-80a4-4c7b-b9ae-c80b27b825cc","8a387b76-0a55-4e01-8b87-e20c557dcff3","fe055d58-a198-4ab8-9a98-b257079e6a45","48341141-573f-4446-9b7c-615618964b00","b0a5c688-382d-43cc-8b7b-427d9b447167","collapsible_row_zwtpQN","collapsible_row_gnt6Gc","collapsible_row_VxrXd3","collapsible_row_YXgRAY"],"settings":{"page_full_width":false,"page_full_width_spacing":false,"sub_heading":"","title":"","heading_size":"h1","description":"","button_label":"","button_link":"#","button_style_secondary":false,"column_alignment":"left","color_scheme":"background-1","layout":"none","container_color_scheme":"accent-1","open_first_collapsible_row":true,"desktop_layout":"image_second","padding_top":0,"padding_bottom":100}}},"order":["main","b50efaf3-2f6c-4ae5-b425-958c7cd8c6bf","0266f4c5-7b51-4c9d-8401-743afa63a56a"]}