{"layout":"password","sections":{"main":{"type":"email-signup-banner","blocks":{"heading":{"type":"heading","settings":{"heading":"Be the first to know","heading_size":"h1"}},"paragraph":{"type":"paragraph","settings":{"text":"<p>Get notified when we re-open our online store<\/p>","text_style":"body"}},"email_form":{"type":"email_form","settings":{}}},"block_order":["heading","paragraph","email_form"],"settings":{"image":"shopify:\/\/shop_images\/n3.jpg","image_overlay_opacity":30,"show_background_image":true,"image_height":"small","desktop_content_position":"middle-center","show_text_box":false,"desktop_content_alignment":"center","color_scheme":"accent-2","mobile_content_alignment":"center","show_text_below":false}}},"order":["main"]}