{"sections":{"watch_configurator_pxFrDM":{"type":"watch-configurator","name":"Watch Configurator","settings":{"enable_configurator":true,"title":"Custom Watch Configurator","primary_color":"#212121","secondary_color":"#f5f5f5","accent_color":"#000000"}},"main":{"type":"main-product","blocks":{"title":{"type":"title","settings":{}},"22daea9f-6daf-487e-b422-cba212ae0998":{"type":"rating","settings":{}},"4c6c3629-d7b7-42eb-bd05-e2189e5f2c29":{"type":"deal","settings":{}},"price":{"type":"price","settings":{}},"variant_picker":{"type":"variant_picker","settings":{"picker_type":"button","picker_method":"custom_color"}},"52794bcc-295b-4f22-af16-704f37c9ded7":{"type":"inventory","settings":{"text_style":"body","inventory_threshold":10,"show_inventory_quantity":true}},"97cd7923-6244-47f8-9e3e-fff6bc433af4":{"type":"badge","settings":{"badge_label":"100% Secured Payment"}},"68863399-17f6-4e5b-8b56-6ef125ef3168":{"type":"Html_c","settings":{"html":"<p class=\"delivery\"><svg xmlns=\"http:\/\/www.w3.org\/2000\/svg\" width=\"38.197\" height=\"21.5\" viewbox=\"0 0 38.197 21.5\">\n  <g id=\"Group_25127\" data-name=\"Group 25127\" transform=\"translate(-1083.836 -1161.835)\">\n    <path id=\"Path_54444\" data-name=\"Path 54444\" d=\"M76.155,6.988H95.1a.132.132,0,0,1,.132.132V23.868\" transform=\"translate(1014.583 1155.597)\" fill=\"none\" stroke=\"currentColor\" stroke-linecap=\"round\" stroke-width=\"1.5\"><\/path>\n    <line id=\"Line_317\" data-name=\"Line 317\" x1=\"4.357\" transform=\"translate(1090.739 1179.465)\" fill=\"none\" stroke=\"currentColor\" stroke-linecap=\"round\" stroke-width=\"1.5\"><\/line>\n    <line id=\"Line_318\" data-name=\"Line 318\" x1=\"11.098\" transform=\"translate(1101.294 1179.465)\" fill=\"none\" stroke=\"currentColor\" stroke-linecap=\"round\" stroke-width=\"1.5\"><\/line>\n    <path id=\"Path_54445\" data-name=\"Path 54445\" d=\"M291.733,32.235h6.362a.4.4,0,0,1,.338.188l4.479,7.216a1.261,1.261,0,0,1,.19.665v5.1a1.46,1.46,0,0,1-1.46,1.46h-1.3\" transform=\"translate(818.182 1132.596)\" fill=\"none\" stroke=\"currentColor\" stroke-linecap=\"round\" stroke-width=\"1.5\"><\/path>\n    <circle id=\"Ellipse_200\" data-name=\"Ellipse 200\" cx=\"3.068\" cy=\"3.068\" r=\"3.068\" transform=\"translate(1112.393 1176.449)\" fill=\"none\" stroke=\"currentColor\" stroke-linecap=\"round\" stroke-width=\"1.5\"><\/circle>\n    <path id=\"Path_54446\" data-name=\"Path 54446\" d=\"M131.987,165.909a3.068,3.068,0,1,1-3.068-3.068A3.068,3.068,0,0,1,131.987,165.909Z\" transform=\"translate(969.308 1013.608)\" fill=\"none\" stroke=\"currentColor\" stroke-linecap=\"round\" stroke-width=\"1.5\"><\/path>\n    <path id=\"Path_54447\" data-name=\"Path 54447\" d=\"M340,62.32h-3.635a.293.293,0,0,0-.289.346l.765,4.31a.415.415,0,0,0,.408.341h6.064\" transform=\"translate(777.784 1105.187)\" fill=\"none\" stroke=\"currentColor\" stroke-linecap=\"round\" stroke-width=\"1.5\"><\/path>\n    <line id=\"Line_319\" data-name=\"Line 319\" x2=\"4.116\" transform=\"translate(1086.602 1165.636)\" fill=\"none\" stroke=\"currentColor\" stroke-linecap=\"round\" stroke-width=\"1.5\"><\/line>\n    <line id=\"Line_320\" data-name=\"Line 320\" x2=\"4.389\" transform=\"translate(1088.04 1169.229)\" fill=\"none\" stroke=\"currentColor\" stroke-linecap=\"round\" stroke-width=\"1.5\"><\/line>\n    <line id=\"Line_321\" data-name=\"Line 321\" x2=\"5.754\" transform=\"translate(1086.714 1176.415)\" fill=\"none\" stroke=\"currentColor\" stroke-linecap=\"round\" stroke-width=\"1.5\"><\/line>\n    <line id=\"Line_322\" data-name=\"Line 322\" x2=\"5.88\" transform=\"translate(1084.586 1172.822)\" fill=\"none\" stroke=\"currentColor\" stroke-linecap=\"round\" stroke-width=\"1.5\"><\/line>\n  <\/g>\n<\/svg><span>Estimated Delivery:<\/span> 5-7 Days from order date<\/p>"}},"23fc8ca2-22ab-4803-9f12-37a2242738b7":{"type":"Html_c","settings":{"html":"<p class=\"shipping\"><svg xmlns=\"http:\/\/www.w3.org\/2000\/svg\" width=\"27.969\" height=\"21.5\" viewbox=\"0 0 27.969 21.5\">\n  <g id=\"Group_25129\" data-name=\"Group 25129\" transform=\"translate(-1025.238 -1129.238)\">\n    <rect id=\"Rectangle_8802\" data-name=\"Rectangle 8802\" width=\"26.469\" height=\"20\" rx=\"3\" transform=\"translate(1025.988 1129.988)\" fill=\"none\" stroke=\"currentcolor\" stroke-linecap=\"round\" stroke-width=\"1.5\"><\/rect>\n    <line id=\"Line_323\" data-name=\"Line 323\" x2=\"26.469\" transform=\"translate(1025.988 1134.55)\" fill=\"none\" stroke=\"currentcolor\" stroke-linecap=\"round\" stroke-width=\"1.5\"><\/line>\n    <line id=\"Line_324\" data-name=\"Line 324\" x2=\"12.4\" transform=\"translate(1031.041 1138.374)\" fill=\"none\" stroke=\"currentcolor\" stroke-linecap=\"round\" stroke-width=\"1.5\"><\/line>\n    <line id=\"Line_325\" data-name=\"Line 325\" x2=\"16.364\" transform=\"translate(1031.041 1142.115)\" fill=\"none\" stroke=\"currentcolor\" stroke-linecap=\"round\" stroke-width=\"1.5\"><\/line>\n    <line id=\"Line_326\" data-name=\"Line 326\" x2=\"13.721\" transform=\"translate(1031.041 1145.855)\" fill=\"none\" stroke=\"currentcolor\" stroke-linecap=\"round\" stroke-width=\"1.5\"><\/line>\n  <\/g>\n<\/svg><span>Free Shipping &amp; Returns:<\/span> On orders above $79<\/p>"}},"description":{"type":"description","settings":{}},"collapsible-row-1":{"type":"collapsible_tab","settings":{"heading":"Shipping Information","icon":"truck","content":"","page":"shipping-information"}},"fba18659-f515-470a-ad98-83721b6d8b37":{"type":"buy_buttons","settings":{"show_dynamic_checkout":true,"show_gift_card_recipient":true}}},"block_order":["title","22daea9f-6daf-487e-b422-cba212ae0998","4c6c3629-d7b7-42eb-bd05-e2189e5f2c29","price","variant_picker","52794bcc-295b-4f22-af16-704f37c9ded7","97cd7923-6244-47f8-9e3e-fff6bc433af4","68863399-17f6-4e5b-8b56-6ef125ef3168","23fc8ca2-22ab-4803-9f12-37a2242738b7","description","collapsible-row-1","fba18659-f515-470a-ad98-83721b6d8b37"],"disabled":true,"settings":{"page_full_width":false,"page_full_width_spacing":false,"enable_sticky_info":true,"enable_product_zoom":"default","gallery_layout":"thumbnail","stacked_column_alignment":"two","thumb_carousel_layout":"thumbnail_slider_left","media_size":"medium","meta_style":"full-width","hide_variants":false,"enable_video_looping":false,"tab_position":"bottom","tab_style":"toggle","show_review_tab":false,"rating_script":"","enable_sticky_bar":false,"sidebar_settings":"no-sidebar","show_menu":true,"menu_title":"Category","linklist":"main-menu","show_image":true,"sidebar_title":"shopping","sidebar_button":"Shop Now","sidebar_link":"\/","show_collection":true,"collection_title":"Featured products","collection":"shop-list-view","collection_limit":5,"show_carousel":true,"carousel_title":"Product carousel","iconwithtext":"Heading","heading_1":"Heading","heading_1_text":"Vestibulum ante ipsum primis in faucibus orci luctus et ultrices posue.","heading_2":"Heading","heading_2_text":"Vestibulum ante ipsum primis in faucibus orci luctus et ultrices posue.","heading_3":"Heading","heading_3_text":"Vestibulum ante ipsum primis in faucibus orci luctus et ultrices posue.","html":"<h5 class=\"sidebar_title\" data-live-text-setting=\"section.template--18572288393514__main.iconwithtext\">Instagram<\/h5><ul id=\"Slider-Thumbnails-template--18572288393514__main slider-vert-height\" class=\"thumbnail-list list-unstyled slider slider--mobile\">\n<li id=\"Slide-Thumbnails-template--18572288393514__main-0\" class=\"thumbnail-list__item slider__slide\" data-target=\"template--18572288393514__main-32121213321514\" data-media-position=\"1\">\n                        <button class=\"thumbnail global-media-settings global-media-settings--no-shadow thumbnail--narrow\" aria-label=\"Load image 1 in gallery view\" aria-current=\"true\" aria-controls=\"GalleryViewer-template--18572288393514__main\" aria-describedby=\"Thumbnail-template--18572288393514__main-0\" fdprocessedid=\"d3oveq\">\n                          <img id=\"Thumbnail-template--18572288393514__main-0\" srcset=\"\n                              \/\/cdn.shopify.com\/s\/files\/1\/0673\/7428\/5098\/products\/09-product-2_f91ad86c-0ccc-4e4a-8f09-6790647bf556.jpg?v=1667648962&amp;width=54 54w,\n                              \/\/cdn.shopify.com\/s\/files\/1\/0673\/7428\/5098\/products\/09-product-2_f91ad86c-0ccc-4e4a-8f09-6790647bf556.jpg?v=1667648962&amp;width=74 74w,\n                              \/\/cdn.shopify.com\/s\/files\/1\/0673\/7428\/5098\/products\/09-product-2_f91ad86c-0ccc-4e4a-8f09-6790647bf556.jpg?v=1667648962&amp;width=104 104w,\n                              \/\/cdn.shopify.com\/s\/files\/1\/0673\/7428\/5098\/products\/09-product-2_f91ad86c-0ccc-4e4a-8f09-6790647bf556.jpg?v=1667648962&amp;width=162 162w,\n                              \/\/cdn.shopify.com\/s\/files\/1\/0673\/7428\/5098\/products\/09-product-2_f91ad86c-0ccc-4e4a-8f09-6790647bf556.jpg?v=1667648962&amp;width=208 208w,\n                              \/\/cdn.shopify.com\/s\/files\/1\/0673\/7428\/5098\/products\/09-product-2_f91ad86c-0ccc-4e4a-8f09-6790647bf556.jpg?v=1667648962&amp;width=324 324w,\n                              \/\/cdn.shopify.com\/s\/files\/1\/0673\/7428\/5098\/products\/09-product-2_f91ad86c-0ccc-4e4a-8f09-6790647bf556.jpg?v=1667648962&amp;width=416 416w,,\n                              \/\/cdn.shopify.com\/s\/files\/1\/0673\/7428\/5098\/products\/09-product-2_f91ad86c-0ccc-4e4a-8f09-6790647bf556.jpg?v=1667648962 w\n                            \" src=\"\/\/cdn.shopify.com\/s\/files\/1\/0673\/7428\/5098\/products\/09-product-2_f91ad86c-0ccc-4e4a-8f09-6790647bf556.jpg?v=1667648962&amp;width=416\" sizes=\"(min-width: 1640px) calc((693 - 4rem) \/ 4), (min-width: 990px) calc((45.0vw - 4rem) \/ 4), (min-width: 750px) calc((100vw - 15rem) \/ 1), calc((100vw - 14rem) \/ 1)\" alt=\"Product with multi row thumbnails\" height=\"208\" width=\"208\" loading=\"lazy\">\n                        <\/button>\n                      <\/li>\n<li id=\"Slide-Thumbnails-template--18572288393514__main-2\" class=\"thumbnail-list__item slider__slide\" data-target=\"template--18572288393514__main-32121213354282\" data-media-position=\"2\">\n<button class=\"thumbnail global-media-settings global-media-settings--no-shadow thumbnail--narrow\" aria-label=\"Load image 2 in gallery view\" aria-controls=\"GalleryViewer-template--18572288393514__main\" aria-describedby=\"Thumbnail-template--18572288393514__main-2\" fdprocessedid=\"8e2o46\">\n                            <img id=\"Thumbnail-template--18572288393514__main-2\" srcset=\"\n                                \/\/cdn.shopify.com\/s\/files\/1\/0673\/7428\/5098\/products\/09-product-3_5081b5e2-f199-49fa-b5cc-edfae236c664.jpg?v=1667648962&amp;width=59 59x,\n                                \/\/cdn.shopify.com\/s\/files\/1\/0673\/7428\/5098\/products\/09-product-3_5081b5e2-f199-49fa-b5cc-edfae236c664.jpg?v=1667648962&amp;width=118 118w,\n                                \/\/cdn.shopify.com\/s\/files\/1\/0673\/7428\/5098\/products\/09-product-3_5081b5e2-f199-49fa-b5cc-edfae236c664.jpg?v=1667648962&amp;width=84 84w,\n                                \/\/cdn.shopify.com\/s\/files\/1\/0673\/7428\/5098\/products\/09-product-3_5081b5e2-f199-49fa-b5cc-edfae236c664.jpg?v=1667648962&amp;width=168 168w,\n                                \/\/cdn.shopify.com\/s\/files\/1\/0673\/7428\/5098\/products\/09-product-3_5081b5e2-f199-49fa-b5cc-edfae236c664.jpg?v=1667648962&amp;width=130 130w,\n                                \/\/cdn.shopify.com\/s\/files\/1\/0673\/7428\/5098\/products\/09-product-3_5081b5e2-f199-49fa-b5cc-edfae236c664.jpg?v=1667648962&amp;width=260 260w\n                              \" src=\"\/\/cdn.shopify.com\/s\/files\/1\/0673\/7428\/5098\/products\/09-product-3_5081b5e2-f199-49fa-b5cc-edfae236c664.jpg?crop=center&amp;height=84&amp;v=1667648962&amp;width=84\" sizes=\"(min-width: 1200px) calc((1200px - 19.5rem) \/ 4), (min-width: 750px) calc((100vw - 16.5rem) \/ 3), calc((100vw - 8rem) \/ 4)\" alt=\"Product with multi row thumbnails\" height=\"200\" width=\"200\" loading=\"lazy\">\n                          <\/button>\n                        <\/li>\n<li id=\"Slide-Thumbnails-template--18572288393514__main-3\" class=\"thumbnail-list__item slider__slide\" data-target=\"template--18572288393514__main-32121213387050\" data-media-position=\"3\">\n<button class=\"thumbnail global-media-settings global-media-settings--no-shadow thumbnail--narrow\" aria-label=\"Load image 3 in gallery view\" aria-controls=\"GalleryViewer-template--18572288393514__main\" aria-describedby=\"Thumbnail-template--18572288393514__main-3\" fdprocessedid=\"w9q6r8\">\n                            <img id=\"Thumbnail-template--18572288393514__main-3\" srcset=\"\n                                \/\/cdn.shopify.com\/s\/files\/1\/0673\/7428\/5098\/products\/09-product-4_8a51e6e4-9c17-403d-ba82-53ac59f73c25.jpg?v=1667648962&amp;width=59 59x,\n                                \/\/cdn.shopify.com\/s\/files\/1\/0673\/7428\/5098\/products\/09-product-4_8a51e6e4-9c17-403d-ba82-53ac59f73c25.jpg?v=1667648962&amp;width=118 118w,\n                                \/\/cdn.shopify.com\/s\/files\/1\/0673\/7428\/5098\/products\/09-product-4_8a51e6e4-9c17-403d-ba82-53ac59f73c25.jpg?v=1667648962&amp;width=84 84w,\n                                \/\/cdn.shopify.com\/s\/files\/1\/0673\/7428\/5098\/products\/09-product-4_8a51e6e4-9c17-403d-ba82-53ac59f73c25.jpg?v=1667648962&amp;width=168 168w,\n                                \/\/cdn.shopify.com\/s\/files\/1\/0673\/7428\/5098\/products\/09-product-4_8a51e6e4-9c17-403d-ba82-53ac59f73c25.jpg?v=1667648962&amp;width=130 130w,\n                                \/\/cdn.shopify.com\/s\/files\/1\/0673\/7428\/5098\/products\/09-product-4_8a51e6e4-9c17-403d-ba82-53ac59f73c25.jpg?v=1667648962&amp;width=260 260w\n                              \" src=\"\/\/cdn.shopify.com\/s\/files\/1\/0673\/7428\/5098\/products\/09-product-4_8a51e6e4-9c17-403d-ba82-53ac59f73c25.jpg?crop=center&amp;height=84&amp;v=1667648962&amp;width=84\" sizes=\"(min-width: 1200px) calc((1200px - 19.5rem) \/ 4), (min-width: 750px) calc((100vw - 16.5rem) \/ 3), calc((100vw - 8rem) \/ 4)\" alt=\"Product with multi row thumbnails\" height=\"200\" width=\"200\" loading=\"lazy\">\n                          <\/button>\n                        <\/li>\n<li id=\"Slide-Thumbnails-template--18572288393514__main-4\" class=\"thumbnail-list__item slider__slide\" data-target=\"template--18572288393514__main-32121213419818\" data-media-position=\"4\">\n<button class=\"thumbnail global-media-settings global-media-settings--no-shadow thumbnail--narrow\" aria-label=\"Load image 4 in gallery view\" aria-controls=\"GalleryViewer-template--18572288393514__main\" aria-describedby=\"Thumbnail-template--18572288393514__main-4\" fdprocessedid=\"s3shnl\">\n                            <img id=\"Thumbnail-template--18572288393514__main-4\" srcset=\"\n                                \/\/cdn.shopify.com\/s\/files\/1\/0673\/7428\/5098\/products\/09-product-5_f3bf69ff-b4fc-4601-bdc5-a296cb976d2c.jpg?v=1667648962&amp;width=59 59x,\n                                \/\/cdn.shopify.com\/s\/files\/1\/0673\/7428\/5098\/products\/09-product-5_f3bf69ff-b4fc-4601-bdc5-a296cb976d2c.jpg?v=1667648962&amp;width=118 118w,\n                                \/\/cdn.shopify.com\/s\/files\/1\/0673\/7428\/5098\/products\/09-product-5_f3bf69ff-b4fc-4601-bdc5-a296cb976d2c.jpg?v=1667648962&amp;width=84 84w,\n                                \/\/cdn.shopify.com\/s\/files\/1\/0673\/7428\/5098\/products\/09-product-5_f3bf69ff-b4fc-4601-bdc5-a296cb976d2c.jpg?v=1667648962&amp;width=168 168w,\n                                \/\/cdn.shopify.com\/s\/files\/1\/0673\/7428\/5098\/products\/09-product-5_f3bf69ff-b4fc-4601-bdc5-a296cb976d2c.jpg?v=1667648962&amp;width=130 130w,\n                                \/\/cdn.shopify.com\/s\/files\/1\/0673\/7428\/5098\/products\/09-product-5_f3bf69ff-b4fc-4601-bdc5-a296cb976d2c.jpg?v=1667648962&amp;width=260 260w\n                              \" src=\"\/\/cdn.shopify.com\/s\/files\/1\/0673\/7428\/5098\/products\/09-product-5_f3bf69ff-b4fc-4601-bdc5-a296cb976d2c.jpg?crop=center&amp;height=84&amp;v=1667648962&amp;width=84\" sizes=\"(min-width: 1200px) calc((1200px - 19.5rem) \/ 4), (min-width: 750px) calc((100vw - 16.5rem) \/ 3), calc((100vw - 8rem) \/ 4)\" alt=\"Product with multi row thumbnails\" height=\"200\" width=\"200\" loading=\"lazy\">\n                          <\/button>\n                        <\/li>\n<li id=\"Slide-Thumbnails-template--18572288393514__main-5\" class=\"thumbnail-list__item slider__slide\" data-target=\"template--18572288393514__main-32121213452586\" data-media-position=\"5\">\n<button class=\"thumbnail global-media-settings global-media-settings--no-shadow thumbnail--narrow\" aria-label=\"Load image 5 in gallery view\" aria-controls=\"GalleryViewer-template--18572288393514__main\" aria-describedby=\"Thumbnail-template--18572288393514__main-5\" fdprocessedid=\"rdf70g\">\n                            <img id=\"Thumbnail-template--18572288393514__main-5\" srcset=\"\n                                \/\/cdn.shopify.com\/s\/files\/1\/0673\/7428\/5098\/products\/09-product-1_98b1d201-614b-4ad4-8064-f3b18eb1686e.jpg?v=1667648962&amp;width=59 59x,\n                                \/\/cdn.shopify.com\/s\/files\/1\/0673\/7428\/5098\/products\/09-product-1_98b1d201-614b-4ad4-8064-f3b18eb1686e.jpg?v=1667648962&amp;width=118 118w,\n                                \/\/cdn.shopify.com\/s\/files\/1\/0673\/7428\/5098\/products\/09-product-1_98b1d201-614b-4ad4-8064-f3b18eb1686e.jpg?v=1667648962&amp;width=84 84w,\n                                \/\/cdn.shopify.com\/s\/files\/1\/0673\/7428\/5098\/products\/09-product-1_98b1d201-614b-4ad4-8064-f3b18eb1686e.jpg?v=1667648962&amp;width=168 168w,\n                                \/\/cdn.shopify.com\/s\/files\/1\/0673\/7428\/5098\/products\/09-product-1_98b1d201-614b-4ad4-8064-f3b18eb1686e.jpg?v=1667648962&amp;width=130 130w,\n                                \/\/cdn.shopify.com\/s\/files\/1\/0673\/7428\/5098\/products\/09-product-1_98b1d201-614b-4ad4-8064-f3b18eb1686e.jpg?v=1667648962&amp;width=260 260w\n                              \" src=\"\/\/cdn.shopify.com\/s\/files\/1\/0673\/7428\/5098\/products\/09-product-1_98b1d201-614b-4ad4-8064-f3b18eb1686e.jpg?crop=center&amp;height=84&amp;v=1667648962&amp;width=84\" sizes=\"(min-width: 1200px) calc((1200px - 19.5rem) \/ 4), (min-width: 750px) calc((100vw - 16.5rem) \/ 3), calc((100vw - 8rem) \/ 4)\" alt=\"Product with multi row thumbnails\" height=\"200\" width=\"200\" loading=\"lazy\">\n                          <\/button>\n                        <\/li>\n<li id=\"Slide-Thumbnails-template--18572288393514__main-6\" class=\"thumbnail-list__item slider__slide\" data-target=\"template--18572288393514__main-32121213485354\" data-media-position=\"6\">\n<button class=\"thumbnail global-media-settings global-media-settings--no-shadow thumbnail--wide\" aria-label=\"Load image 6 in gallery view\" aria-controls=\"GalleryViewer-template--18572288393514__main\" aria-describedby=\"Thumbnail-template--18572288393514__main-6\" fdprocessedid=\"arf4n\">\n                            <img id=\"Thumbnail-template--18572288393514__main-6\" srcset=\"\n                                \/\/cdn.shopify.com\/s\/files\/1\/0673\/7428\/5098\/products\/about-img-2.jpg?v=1667648962&amp;width=59 59x,\n                                \/\/cdn.shopify.com\/s\/files\/1\/0673\/7428\/5098\/products\/about-img-2.jpg?v=1667648962&amp;width=118 118w,\n                                \/\/cdn.shopify.com\/s\/files\/1\/0673\/7428\/5098\/products\/about-img-2.jpg?v=1667648962&amp;width=84 84w,\n                                \/\/cdn.shopify.com\/s\/files\/1\/0673\/7428\/5098\/products\/about-img-2.jpg?v=1667648962&amp;width=168 168w,\n                                \/\/cdn.shopify.com\/s\/files\/1\/0673\/7428\/5098\/products\/about-img-2.jpg?v=1667648962&amp;width=130 130w,\n                                \/\/cdn.shopify.com\/s\/files\/1\/0673\/7428\/5098\/products\/about-img-2.jpg?v=1667648962&amp;width=260 260w\n                              \" src=\"\/\/cdn.shopify.com\/s\/files\/1\/0673\/7428\/5098\/products\/about-img-2.jpg?crop=center&amp;height=84&amp;v=1667648962&amp;width=84\" sizes=\"(min-width: 1200px) calc((1200px - 19.5rem) \/ 4), (min-width: 750px) calc((100vw - 16.5rem) \/ 3), calc((100vw - 8rem) \/ 4)\" alt=\"Product with multi row thumbnails\" height=\"200\" width=\"200\" loading=\"lazy\">\n                          <\/button>\n                        <\/li>\n<li id=\"Slide-Thumbnails-template--18572288393514__main-7\" class=\"thumbnail-list__item slider__slide\" data-target=\"template--18572288393514__main-32121213518122\" data-media-position=\"7\">\n<button class=\"thumbnail global-media-settings global-media-settings--no-shadow thumbnail--wide\" aria-label=\"Load image 7 in gallery view\" aria-controls=\"GalleryViewer-template--18572288393514__main\" aria-describedby=\"Thumbnail-template--18572288393514__main-7\" fdprocessedid=\"yempqs\">\n                            <img id=\"Thumbnail-template--18572288393514__main-7\" srcset=\"\n                                \/\/cdn.shopify.com\/s\/files\/1\/0673\/7428\/5098\/products\/Webp.net-resizeimage_62fb1928-b6d8-4a0a-a222-21c7d1c5a73a.jpg?v=1667648962&amp;width=59 59x,\n                                \/\/cdn.shopify.com\/s\/files\/1\/0673\/7428\/5098\/products\/Webp.net-resizeimage_62fb1928-b6d8-4a0a-a222-21c7d1c5a73a.jpg?v=1667648962&amp;width=118 118w,\n                                \/\/cdn.shopify.com\/s\/files\/1\/0673\/7428\/5098\/products\/Webp.net-resizeimage_62fb1928-b6d8-4a0a-a222-21c7d1c5a73a.jpg?v=1667648962&amp;width=84 84w,\n                                \/\/cdn.shopify.com\/s\/files\/1\/0673\/7428\/5098\/products\/Webp.net-resizeimage_62fb1928-b6d8-4a0a-a222-21c7d1c5a73a.jpg?v=1667648962&amp;width=168 168w,\n                                \/\/cdn.shopify.com\/s\/files\/1\/0673\/7428\/5098\/products\/Webp.net-resizeimage_62fb1928-b6d8-4a0a-a222-21c7d1c5a73a.jpg?v=1667648962&amp;width=130 130w,\n                                \/\/cdn.shopify.com\/s\/files\/1\/0673\/7428\/5098\/products\/Webp.net-resizeimage_62fb1928-b6d8-4a0a-a222-21c7d1c5a73a.jpg?v=1667648962&amp;width=260 260w\n                              \" src=\"\/\/cdn.shopify.com\/s\/files\/1\/0673\/7428\/5098\/products\/Webp.net-resizeimage_62fb1928-b6d8-4a0a-a222-21c7d1c5a73a.jpg?crop=center&amp;height=84&amp;v=1667648962&amp;width=84\" sizes=\"(min-width: 1200px) calc((1200px - 19.5rem) \/ 4), (min-width: 750px) calc((100vw - 16.5rem) \/ 3), calc((100vw - 8rem) \/ 4)\" alt=\"Product with multi row thumbnails\" height=\"200\" width=\"200\" loading=\"lazy\">\n                          <\/button>\n                        <\/li>\n<li id=\"Slide-Thumbnails-template--18572288393514__main-8\" class=\"thumbnail-list__item slider__slide\" data-target=\"template--18572288393514__main-32121213550890\" data-media-position=\"8\">\n<button class=\"thumbnail global-media-settings global-media-settings--no-shadow thumbnail--wide\" aria-label=\"Load image 8 in gallery view\" aria-controls=\"GalleryViewer-template--18572288393514__main\" aria-describedby=\"Thumbnail-template--18572288393514__main-8\" fdprocessedid=\"qm90o\">\n                            <img id=\"Thumbnail-template--18572288393514__main-8\" srcset=\"\n                                \/\/cdn.shopify.com\/s\/files\/1\/0673\/7428\/5098\/products\/about-img-2_d002526f-37f5-498a-b1ce-a38cec58ab2a.jpg?v=1667648962&amp;width=59 59x,\n                                \/\/cdn.shopify.com\/s\/files\/1\/0673\/7428\/5098\/products\/about-img-2_d002526f-37f5-498a-b1ce-a38cec58ab2a.jpg?v=1667648962&amp;width=118 118w,\n                                \/\/cdn.shopify.com\/s\/files\/1\/0673\/7428\/5098\/products\/about-img-2_d002526f-37f5-498a-b1ce-a38cec58ab2a.jpg?v=1667648962&amp;width=84 84w,\n                                \/\/cdn.shopify.com\/s\/files\/1\/0673\/7428\/5098\/products\/about-img-2_d002526f-37f5-498a-b1ce-a38cec58ab2a.jpg?v=1667648962&amp;width=168 168w,\n                                \/\/cdn.shopify.com\/s\/files\/1\/0673\/7428\/5098\/products\/about-img-2_d002526f-37f5-498a-b1ce-a38cec58ab2a.jpg?v=1667648962&amp;width=130 130w,\n                                \/\/cdn.shopify.com\/s\/files\/1\/0673\/7428\/5098\/products\/about-img-2_d002526f-37f5-498a-b1ce-a38cec58ab2a.jpg?v=1667648962&amp;width=260 260w\n                              \" src=\"\/\/cdn.shopify.com\/s\/files\/1\/0673\/7428\/5098\/products\/about-img-2_d002526f-37f5-498a-b1ce-a38cec58ab2a.jpg?crop=center&amp;height=84&amp;v=1667648962&amp;width=84\" sizes=\"(min-width: 1200px) calc((1200px - 19.5rem) \/ 4), (min-width: 750px) calc((100vw - 16.5rem) \/ 3), calc((100vw - 8rem) \/ 4)\" alt=\"Product with multi row thumbnails\" height=\"200\" width=\"200\" loading=\"lazy\">\n                          <\/button>\n                        <\/li>\n<li id=\"Slide-Thumbnails-template--18572288393514__main-9\" class=\"thumbnail-list__item slider__slide\" data-target=\"template--18572288393514__main-32121213583658\" data-media-position=\"9\">\n<button class=\"thumbnail global-media-settings global-media-settings--no-shadow thumbnail--wide\" aria-label=\"Load image 9 in gallery view\" aria-controls=\"GalleryViewer-template--18572288393514__main\" aria-describedby=\"Thumbnail-template--18572288393514__main-9\" fdprocessedid=\"igq23\">\n                            <img id=\"Thumbnail-template--18572288393514__main-9\" srcset=\"\n                                \/\/cdn.shopify.com\/s\/files\/1\/0673\/7428\/5098\/products\/Webp.net-resizeimage_ef98b5fe-a4df-4a81-98ed-e4a0987672cb.jpg?v=1667648962&amp;width=59 59x,\n                                \/\/cdn.shopify.com\/s\/files\/1\/0673\/7428\/5098\/products\/Webp.net-resizeimage_ef98b5fe-a4df-4a81-98ed-e4a0987672cb.jpg?v=1667648962&amp;width=118 118w,\n                                \/\/cdn.shopify.com\/s\/files\/1\/0673\/7428\/5098\/products\/Webp.net-resizeimage_ef98b5fe-a4df-4a81-98ed-e4a0987672cb.jpg?v=1667648962&amp;width=84 84w,\n                                \/\/cdn.shopify.com\/s\/files\/1\/0673\/7428\/5098\/products\/Webp.net-resizeimage_ef98b5fe-a4df-4a81-98ed-e4a0987672cb.jpg?v=1667648962&amp;width=168 168w,\n                                \/\/cdn.shopify.com\/s\/files\/1\/0673\/7428\/5098\/products\/Webp.net-resizeimage_ef98b5fe-a4df-4a81-98ed-e4a0987672cb.jpg?v=1667648962&amp;width=130 130w,\n                                \/\/cdn.shopify.com\/s\/files\/1\/0673\/7428\/5098\/products\/Webp.net-resizeimage_ef98b5fe-a4df-4a81-98ed-e4a0987672cb.jpg?v=1667648962&amp;width=260 260w\n                              \" src=\"\/\/cdn.shopify.com\/s\/files\/1\/0673\/7428\/5098\/products\/Webp.net-resizeimage_ef98b5fe-a4df-4a81-98ed-e4a0987672cb.jpg?crop=center&amp;height=84&amp;v=1667648962&amp;width=84\" sizes=\"(min-width: 1200px) calc((1200px - 19.5rem) \/ 4), (min-width: 750px) calc((100vw - 16.5rem) \/ 3), calc((100vw - 8rem) \/ 4)\" alt=\"Product with multi row thumbnails\" height=\"200\" width=\"200\" loading=\"lazy\">\n                          <\/button>\n                        <\/li>\n<li id=\"Slide-Thumbnails-template--18572288393514__main-10\" class=\"thumbnail-list__item slider__slide\" data-target=\"template--18572288393514__main-32121213616426\" data-media-position=\"10\">\n<button class=\"thumbnail global-media-settings global-media-settings--no-shadow thumbnail--wide\" aria-label=\"Load image 10 in gallery view\" aria-controls=\"GalleryViewer-template--18572288393514__main\" aria-describedby=\"Thumbnail-template--18572288393514__main-10\" fdprocessedid=\"y9qjf\">\n                            <img id=\"Thumbnail-template--18572288393514__main-10\" srcset=\"\n                                \/\/cdn.shopify.com\/s\/files\/1\/0673\/7428\/5098\/products\/about-img-2_85d0d6b3-86f8-4d83-8c16-a6e124cad695.jpg?v=1667648962&amp;width=59 59x,\n                                \/\/cdn.shopify.com\/s\/files\/1\/0673\/7428\/5098\/products\/about-img-2_85d0d6b3-86f8-4d83-8c16-a6e124cad695.jpg?v=1667648962&amp;width=118 118w,\n                                \/\/cdn.shopify.com\/s\/files\/1\/0673\/7428\/5098\/products\/about-img-2_85d0d6b3-86f8-4d83-8c16-a6e124cad695.jpg?v=1667648962&amp;width=84 84w,\n                                \/\/cdn.shopify.com\/s\/files\/1\/0673\/7428\/5098\/products\/about-img-2_85d0d6b3-86f8-4d83-8c16-a6e124cad695.jpg?v=1667648962&amp;width=168 168w,\n                                \/\/cdn.shopify.com\/s\/files\/1\/0673\/7428\/5098\/products\/about-img-2_85d0d6b3-86f8-4d83-8c16-a6e124cad695.jpg?v=1667648962&amp;width=130 130w,\n                                \/\/cdn.shopify.com\/s\/files\/1\/0673\/7428\/5098\/products\/about-img-2_85d0d6b3-86f8-4d83-8c16-a6e124cad695.jpg?v=1667648962&amp;width=260 260w\n                              \" src=\"\/\/cdn.shopify.com\/s\/files\/1\/0673\/7428\/5098\/products\/about-img-2_85d0d6b3-86f8-4d83-8c16-a6e124cad695.jpg?crop=center&amp;height=84&amp;v=1667648962&amp;width=84\" sizes=\"(min-width: 1200px) calc((1200px - 19.5rem) \/ 4), (min-width: 750px) calc((100vw - 16.5rem) \/ 3), calc((100vw - 8rem) \/ 4)\" alt=\"Product with multi row thumbnails\" height=\"200\" width=\"200\" loading=\"lazy\">\n                          <\/button>\n                        <\/li>\n<li id=\"Slide-Thumbnails-template--18572288393514__main-10\" class=\"thumbnail-list__item slider__slide\" data-target=\"template--18572288393514__main-32121213616426\" data-media-position=\"10\">\n<button class=\"thumbnail global-media-settings global-media-settings--no-shadow thumbnail--wide\" aria-label=\"Load image 10 in gallery view\" aria-controls=\"GalleryViewer-template--18572288393514__main\" aria-describedby=\"Thumbnail-template--18572288393514__main-10\" fdprocessedid=\"y9qjf\">\n                            <img id=\"Thumbnail-template--18572288393514__main-10\" srcset=\"\n                                \/\/cdn.shopify.com\/s\/files\/1\/0673\/7428\/5098\/products\/about-img-2_85d0d6b3-86f8-4d83-8c16-a6e124cad695.jpg?v=1667648962&amp;width=59 59x,\n                                \/\/cdn.shopify.com\/s\/files\/1\/0673\/7428\/5098\/products\/about-img-2_85d0d6b3-86f8-4d83-8c16-a6e124cad695.jpg?v=1667648962&amp;width=118 118w,\n                                \/\/cdn.shopify.com\/s\/files\/1\/0673\/7428\/5098\/products\/about-img-2_85d0d6b3-86f8-4d83-8c16-a6e124cad695.jpg?v=1667648962&amp;width=84 84w,\n                                \/\/cdn.shopify.com\/s\/files\/1\/0673\/7428\/5098\/products\/about-img-2_85d0d6b3-86f8-4d83-8c16-a6e124cad695.jpg?v=1667648962&amp;width=168 168w,\n                                \/\/cdn.shopify.com\/s\/files\/1\/0673\/7428\/5098\/products\/about-img-2_85d0d6b3-86f8-4d83-8c16-a6e124cad695.jpg?v=1667648962&amp;width=130 130w,\n                                \/\/cdn.shopify.com\/s\/files\/1\/0673\/7428\/5098\/products\/about-img-2_85d0d6b3-86f8-4d83-8c16-a6e124cad695.jpg?v=1667648962&amp;width=260 260w\n                              \" src=\"\/\/cdn.shopify.com\/s\/files\/1\/0673\/7428\/5098\/products\/about-img-2_85d0d6b3-86f8-4d83-8c16-a6e124cad695.jpg?crop=center&amp;height=84&amp;v=1667648962&amp;width=84\" sizes=\"(min-width: 1200px) calc((1200px - 19.5rem) \/ 4), (min-width: 750px) calc((100vw - 16.5rem) \/ 3), calc((100vw - 8rem) \/ 4)\" alt=\"Product with multi row thumbnails\" height=\"200\" width=\"200\" loading=\"lazy\">\n                          <\/button>\n                        <\/li>\n<li id=\"Slide-Thumbnails-template--18572288393514__main-10\" class=\"thumbnail-list__item slider__slide\" data-target=\"template--18572288393514__main-32121213616426\" data-media-position=\"10\">\n<button class=\"thumbnail global-media-settings global-media-settings--no-shadow thumbnail--wide\" aria-label=\"Load image 10 in gallery view\" aria-controls=\"GalleryViewer-template--18572288393514__main\" aria-describedby=\"Thumbnail-template--18572288393514__main-10\" fdprocessedid=\"y9qjf\">\n                            <img id=\"Thumbnail-template--18572288393514__main-10\" srcset=\"\n                                \/\/cdn.shopify.com\/s\/files\/1\/0673\/7428\/5098\/products\/about-img-2_85d0d6b3-86f8-4d83-8c16-a6e124cad695.jpg?v=1667648962&amp;width=59 59x,\n                                \/\/cdn.shopify.com\/s\/files\/1\/0673\/7428\/5098\/products\/about-img-2_85d0d6b3-86f8-4d83-8c16-a6e124cad695.jpg?v=1667648962&amp;width=118 118w,\n                                \/\/cdn.shopify.com\/s\/files\/1\/0673\/7428\/5098\/products\/about-img-2_85d0d6b3-86f8-4d83-8c16-a6e124cad695.jpg?v=1667648962&amp;width=84 84w,\n                                \/\/cdn.shopify.com\/s\/files\/1\/0673\/7428\/5098\/products\/about-img-2_85d0d6b3-86f8-4d83-8c16-a6e124cad695.jpg?v=1667648962&amp;width=168 168w,\n                                \/\/cdn.shopify.com\/s\/files\/1\/0673\/7428\/5098\/products\/about-img-2_85d0d6b3-86f8-4d83-8c16-a6e124cad695.jpg?v=1667648962&amp;width=130 130w,\n                                \/\/cdn.shopify.com\/s\/files\/1\/0673\/7428\/5098\/products\/about-img-2_85d0d6b3-86f8-4d83-8c16-a6e124cad695.jpg?v=1667648962&amp;width=260 260w\n                              \" src=\"\/\/cdn.shopify.com\/s\/files\/1\/0673\/7428\/5098\/products\/about-img-2_85d0d6b3-86f8-4d83-8c16-a6e124cad695.jpg?crop=center&amp;height=84&amp;v=1667648962&amp;width=84\" sizes=\"(min-width: 1200px) calc((1200px - 19.5rem) \/ 4), (min-width: 750px) calc((100vw - 16.5rem) \/ 3), calc((100vw - 8rem) \/ 4)\" alt=\"Product with multi row thumbnails\" height=\"200\" width=\"200\" loading=\"lazy\">\n                          <\/button>\n                        <\/li>\n<\/ul>","enable_enquiry":false,"padding_top":56,"padding_bottom":0,"display_back_in_stock":true,"notify_text":"","notify_error":"","show_adv_product":true,"choose_label":"","prev_next_products":false,"show_share":true,"share_label":"Share","show_quantity_selector":true}},"recent-products":{"type":"recent-products","disabled":true,"settings":{"heading":"Recently Viewed"}},"product-recommendations":{"type":"product-recommendations","disabled":true,"settings":{"page_full_width":false,"page_full_width_spacing":false,"heading":"Recommended Products","heading_size":"h2","products_to_show":6,"desktop_column":4,"laptop_column":3,"tablet_column":2,"mobile_column":1,"centered_slide":false,"swiper_pagination":false,"swiper_navigation":false,"auto_play":0,"swipe_on_mobile":false,"arrow_on_mobile":false,"color_scheme":"background-1","image_ratio":"portrait","show_secondary_image":true,"show_vendor":true,"show_rating":false,"padding_top":24,"padding_bottom":0}}},"order":["watch_configurator_pxFrDM","main","recent-products","product-recommendations"]}